date,district,grade,highest_price_rs_kg,average_price_rs_kg
2016-01-05,Badulla,M-5,1350.0,1350.0
2016-01-05,Badulla,M-4,1350.0,1350.0
2016-01-05,Badulla,C-5 Sp,1700.0,1700.0
2016-01-12,Badulla,C-5 Sp,1550.0,1550.0
2016-01-26,Badulla,C-5 Sp,1550.0,1550.0
2016-02-02,Hambantota,C-5 Sp,1700.0,1700.0
2016-02-02,Hambantota,Alba,2100.0,2100.0
2016-02-09,Hambantota,Alba,2100.0,2100.0
2016-02-09,Hambantota,C-5 Sp,1700.0,1700.0
2016-02-09,Galle,M-5,1560.0,1555.0
2016-02-09,Galle,M-4,1540.0,1530.0
2016-02-16,Hambantota,C-5 Sp,1700.0,1700.0
2016-02-16,Hambantota,Alba,2100.0,2100.0
2016-02-23,Hambantota,C-5 Sp,1700.0,1700.0
2016-02-23,Hambantota,Alba,2100.0,2100.0
2016-03-21,Hambantota,M-5,1630.0,1630.0
2016-05-03,Hambantota,Alba,2100.0,2100.0
2016-05-10,Hambantota,Alba,2100.0,2100.0
2016-05-17,Hambantota,Alba,2100.0,2100.0
2016-05-24,Hambantota,Alba,2100.0,2100.0
2016-05-31,Hambantota,Alba,2100.0,2100.0
2016-06-07,Hambantota,Alba,2100.0,2100.0
2016-11-08,Badulla,M-4,1800.0,1800.0
2016-11-29,Gampaha,M-4,1600.0,1475.0
2016-11-29,Gampaha,M-5,1900.0,1800.0
2017-03-28,Badulla,Alba,3500.0,3500.0
2017-04-04,Galle,H-Faq,1540.0,1500.0
2017-04-18,Galle,H-Faq,1520.0,1500.0
2017-04-18,Badulla,Alba,3000.0,2750.0
2017-04-25,Galle,H-Faq,1520.0,1500.0
2017-04-25,Badulla,Alba,3000.0,3000.0
2017-06-20,Hambantota,Gorosu,1750.0,1725.0
2017-06-27,Hambantota,Gorosu,1750.0,1725.0
2017-07-04,Hambantota,Gorosu,1800.0,1750.0
2017-07-11,Hambantota,Gorosu,1780.0,1740.0
2017-07-18,Hambantota,M-5,2200.0,2200.0
2017-07-18,Hambantota,Gorosu,1780.0,1740.0
2017-07-25,Hambantota,Gorosu,1800.0,1790.0
2017-08-01,Hambantota,Gorosu,1800.0,1790.0
2017-08-08,Hambantota,Gorosu,1800.0,1790.0
2017-08-15,Hambantota,Gorosu,1800.0,1800.0
2017-08-22,Galle,H-Faq,1600.0,1600.0
2017-08-22,Hambantota,Gorosu,1800.0,1800.0
2017-09-04,Hambantota,Gorosu,1650.0,1650.0
2017-09-04,Badulla,M-5,2200.0,2100.0
2017-09-12,Hambantota,Gorosu,1700.0,1650.0
2017-09-19,Hambantota,Gorosu,1700.0,1700.0
2017-09-26,Hambantota,Gorosu,1750.0,1725.0
2017-10-03,Hambantota,Gorosu,1750.0,1750.0
2017-10-10,Hambantota,Gorosu,1770.0,1760.0
2017-10-16,Hambantota,Gorosu,1780.0,1765.0
2017-10-24,Hambantota,Gorosu,1780.0,1765.0
2017-10-31,Hambantota,Gorosu,1800.0,1775.0
2017-11-07,Hambantota,Gorosu,1850.0,1850.0
2017-11-14,Hambantota,Gorosu,1850.0,1825.0
2017-12-05,Hambantota,Gorosu,1850.0,1850.0
2017-12-12,Hambantota,Gorosu,1850.0,1850.0
2018-01-23,Hambantota,Gorosu,1970.0,1935.0
2018-04-24,Hambantota,Gorosu,1900.0,1900.0
2018-08-20,Hambantota,C-5 Sp,2200.0,2200.0
2019-02-18,Colombo,M-4,1700.0,1700.0
2019-02-18,Colombo,M-5,1750.0,1750.0
2019-04-23,Hambantota,C-5 Sp,2200.0,2200.0
2019-05-21,Hambantota,Gorosu,1500.0,1450.0
2019-09-10,Monaragala,H-Faq,,1500.0
2019-09-10,Colombo,Gorosu,1000.0,1000.0
2019-11-11,Colombo,Heen,1600.0,1267.0
2019-11-11,Colombo,Gorosu,800.0,700.0
2020-11-03,Hambantota,Gorosu,2100.0,2100.0
2021-01-19,Kurunegala,M-4,2000.0,1467.0
2021-01-19,Kurunegala,H-1,1200.0,1033.0
2021-02-02,Galle,M-5,2280.0,2250.0
2021-02-02,Galle,M-4,2250.0,2225.0
2021-05-04,Kalutara,H-Faq,1800.0,
2021-07-19,Hambantota,Gorosu,2250.0,2235.0
2021-10-18,Gampaha,Heen,1700.0,1580.0
2021-12-14,Kalutara,Gorosu,1600.0,1450.0
2022-04-05,Badulla,H-Faq,2400.0,2383.0
2022-04-05,Kurunegala,H-Faq,3000.0,3000.0
2022-06-15,Matara,Gorosu,3000.0,2750.0
2022-09-27,Badulla,M-5,3500.0,3500.0
2022-11-15,Hambantota,Gorosu,3200.0,3150.0
2023-01-03,Ratnapura,M-5,3150.0,3083.0
2023-01-03,Ratnapura,M-4,3150.0,3083.0
2023-01-10,Ratnapura,M-4,3100.0,3050.0
2023-01-10,Ratnapura,M-5,3100.0,3050.0
2023-01-17,Ratnapura,M-4,3100.0,3000.0
2023-01-17,Ratnapura,M-5,3100.0,3000.0
2023-01-24,Ratnapura,M-4,3300.0,3175.0
2023-01-24,Ratnapura,M-5,3300.0,3175.0
2023-01-31,Ratnapura,M-5,3150.0,3100.0
2023-01-31,Ratnapura,M-4,3150.0,3100.0
2023-02-07,Ratnapura,M-4,3300.0,3200.0
2023-02-07,Ratnapura,M-5,3300.0,3200.0
2023-02-14,Ratnapura,M-4,3300.0,3250.0
2023-02-14,Ratnapura,M-5,3300.0,3250.0
2023-02-21,Ratnapura,M-4,3050.0,3016.0
2023-02-21,Ratnapura,M-5,3050.0,3016.0
2023-02-28,Ratnapura,M-4,3250.0,3150.0
2023-02-28,Ratnapura,M-5,3250.0,3150.0
2023-03-07,Ratnapura,M-5,3000.0,2950.0
2023-03-07,Ratnapura,M-4,3000.0,2950.0
2023-03-14,Ratnapura,M-4,2900.0,2850.0
2023-03-14,Ratnapura,M-5,2900.0,2850.0
2023-03-14,Gampaha,H-2,2500.0,2500.0
2023-03-14,Gampaha,H-1,2600.0,2600.0
2023-03-21,Ratnapura,M-4,3100.0,3033.0
2023-03-21,Ratnapura,M-5,3100.0,3033.0
2023-03-28,Ratnapura,M-5,3000.0,2950.0
2023-03-28,Ratnapura,M-4,3000.0,2950.0
2023-04-03,Ratnapura,M-5,3200.0,3150.0
2023-04-03,Ratnapura,M-4,3200.0,3150.0
2023-04-10,Ratnapura,M-4,3100.0,3033.0
2023-04-10,Ratnapura,M-5,3100.0,3033.0
2023-05-02,Ratnapura,M-5,3300.0,3250.0
2023-05-02,Ratnapura,M-4,3300.0,3250.0
2023-05-09,Ratnapura,M-4,3200.0,3100.0
2023-05-09,Ratnapura,M-5,3200.0,3100.0
2023-05-16,Ratnapura,M-5,3100.0,3000.0
2023-05-16,Ratnapura,M-4,3100.0,3000.0
2023-05-23,Ratnapura,M-4,3200.0,3050.0
2023-05-23,Ratnapura,M-5,3200.0,3050.0
2023-05-30,Ratnapura,M-5,3000.0,2900.0
2023-05-30,Ratnapura,M-4,3000.0,2900.0
2023-06-06,Ratnapura,M-5,2750.0,2710.0
2023-06-06,Ratnapura,M-4,2750.0,2716.0
2023-06-13,Ratnapura,M-4,2800.0,2738.0
2023-06-13,Ratnapura,M-5,2800.0,2738.0
2023-06-20,Ratnapura,M-5,3000.0,2866.0
2023-06-20,Ratnapura,M-4,3000.0,2866.0
2023-06-27,Ratnapura,M-4,2850.0,2816.0
2023-06-27,Ratnapura,M-5,2850.0,2816.0
2023-07-04,Badulla,M-5,3800.0,3800.0
2023-07-04,Badulla,M-4,3200.0,3200.0
2023-07-04,Ratnapura,M-4,2800.0,2750.0
2023-07-04,Ratnapura,M-5,2800.0,2750.0
2023-07-11,Ratnapura,M-5,2900.0,2833.0
2023-07-11,Ratnapura,M-4,2900.0,2833.0
2023-07-18,Ratnapura,M-5,2500.0,2450.0
2023-07-18,Ratnapura,M-4,2500.0,2450.0
2023-07-25,Ratnapura,M-4,2950.0,2916.0
2023-07-25,Gampaha,H-1,2600.0,2600.0
2023-07-25,Gampaha,H-2,2400.0,2400.0
2023-07-25,Ratnapura,M-5,2950.0,2916.0
2023-07-31,Ratnapura,M-5,2500.0,2433.0
2023-07-31,Ratnapura,M-4,2500.0,2433.0
2023-08-08,Ratnapura,M-5,2050.0,2016.0
2023-08-08,Ratnapura,M-4,2050.0,2016.0
2023-08-15,Kurunegala,H-1,2000.0,1867.0
2023-08-15,Kurunegala,M-4,2300.0,2300.0
2023-08-22,Monaragala,H-Faq,2000.0,1900.0
2023-10-03,Matara,Heen,2000.0,1733.0
2023-11-21,Hambantota,Gorosu,2500.0,2450.0
2023-12-05,Badulla,M-5,4000.0,4000.0
2023-12-05,Kurunegala,M-4,1800.0,1800.0
2023-12-05,Badulla,M-4,3800.0,3800.0
2024-01-09,Kalutara,Gorosu,2000.0,2000.0
2024-04-24,Badulla,C-5 Sp,3800.0,3800.0
2024-05-14,Monaragala,C-5,3500.0,3500.0
2024-05-21,Monaragala,C-5,3500.0,3500.0
2024-05-28,Monaragala,C-5,3400.0,3350.0
2024-06-04,Monaragala,C-5,3500.0,3500.0
2024-06-11,Monaragala,C-5,3400.0,3350.0
2024-06-18,Monaragala,C-5,3500.0,3500.0
2024-06-25,Monaragala,C-5,3500.0,3350.0
2024-07-02,Monaragala,C-5,3500.0,3300.0
2024-07-16,Monaragala,C-5,3600.0,3550.0
2024-07-23,Monaragala,C-5,3400.0,3200.0
2024-07-30,Monaragala,C-5,3400.0,3350.0
2024-08-06,Monaragala,C-5,3500.0,3350.0
2024-08-27,Badulla,M-5,3700.0,3700.0
2024-08-27,Badulla,M-4,3500.0,3500.0
2024-10-29,Gampaha,Alba,3600.0,3500.0
2024-12-17,Gampaha,H-1,3600.0,3500.0
2024-12-17,Gampaha,H-2,3400.0,3350.0
2024-12-17,Gampaha,C-5 Sp,4000.0,3950.0
2024-12-17,Gampaha,Alba,4600.0,4500.0
2025-01-07,Monaragala,H-2,3300.0,3200.0
2025-01-07,Monaragala,H-1,3500.0,3300.0
2025-01-15,Monaragala,H-2,3200.0,3100.0
2025-01-15,Monaragala,H-1,3400.0,3350.0
2025-01-21,Monaragala,H-2,3200.0,3000.0
2025-01-21,Monaragala,H-1,3300.0,3200.0
2025-01-28,Monaragala,H-1,3500.0,3500.0
2025-01-28,Monaragala,H-2,3300.0,3200.0
2025-02-05,Monaragala,H-2,3400.0,3300.0
2025-02-05,Monaragala,H-1,3600.0,3600.0
2025-02-11,Monaragala,H-2,3400.0,3300.0
2025-02-11,Monaragala,H-1,3500.0,3450.0
2025-02-18,Monaragala,H-2,3200.0,3150.0
2025-02-18,Monaragala,H-1,3400.0,3300.0
2025-02-25,Monaragala,H-1,3500.0,3500.0
2025-02-25,Monaragala,H-2,3300.0,3200.0
2025-03-04,Monaragala,H-2,3300.0,3200.0
2025-03-04,Monaragala,H-1,3500.0,3400.0
2025-03-11,Monaragala,H-1,3400.0,3300.0
2025-03-11,Monaragala,H-2,3200.0,3100.0
2025-03-18,Monaragala,H-1,3500.0,3500.0
2025-03-18,Monaragala,H-2,3300.0,3250.0
2025-03-25,Monaragala,H-1,3500.0,3500.0
2025-03-25,Monaragala,H-2,3300.0,3200.0
2025-04-01,Monaragala,H-1,3500.0,3500.0
2025-04-01,Monaragala,H-2,3300.0,3200.0
2025-04-08,Monaragala,H-2,3300.0,3200.0
2025-04-08,Monaragala,H-1,3500.0,3500.0
2025-04-22,Monaragala,H-1,3500.0,3500.0
2025-04-22,Monaragala,H-2,3300.0,3200.0
2025-04-29,Monaragala,H-1,3600.0,3500.0
2025-04-29,Monaragala,H-2,3400.0,3300.0
2025-05-07,Monaragala,H-1,3400.0,3300.0
2025-05-07,Monaragala,H-2,3200.0,3100.0
2025-05-14,Monaragala,H-2,3200.0,3150.0
2025-05-14,Monaragala,H-1,3400.0,3300.0
2025-05-20,Monaragala,H-1,3300.0,3125.0
2025-05-20,Monaragala,H-2,3100.0,2950.0
2025-05-20,Colombo,C-5 Sp,4200.0,4200.0
2025-05-20,Colombo,C-4,3800.0,3800.0
2025-05-20,Colombo,C-5,4000.0,4000.0
2025-05-20,Colombo,H-2,3000.0,3000.0
2025-05-20,Colombo,H-1,3200.0,3200.0
2025-05-27,Monaragala,H-2,2850.0,2788.0
2025-05-27,Matara,H-Faq,3000.0,2950.0
2025-05-27,Monaragala,H-1,3000.0,3000.0
2025-05-27,Colombo,H-1,3200.0,3200.0
2025-05-27,Colombo,H-2,3000.0,3000.0
2025-05-27,Colombo,C-4,3800.0,3800.0
2025-05-27,Colombo,C-5,4000.0,4000.0
2025-05-27,Colombo,C-5 Sp,4200.0,4200.0
2025-06-03,Galle,H-1,3750.0,3550.0
2025-06-03,Galle,C-4,3800.0,3750.0
2025-06-03,Matara,C-5,3900.0,3817.0
2025-06-03,Matara,Alba,4600.0,4525.0
2025-06-03,Galle,H-2,3400.0,3350.0
2025-06-03,Galle,C-5 Sp,4400.0,4250.0
2025-06-03,Galle,Alba,4900.0,4700.0
2025-06-03,Matara,C-4,3800.0,3744.0
2025-06-03,Matara,M-5,3700.0,3667.0
2025-06-03,Monaragala,Heen,2100.0,2000.0
2025-06-03,Kalutara,H-2,2300.0,2300.0
2025-06-03,Matara,H-2,3400.0,3313.0
2025-06-03,Hambantota,H-2,3300.0,3300.0
2025-06-03,Matara,H-1,3400.0,3338.0
2025-06-03,Matara,M-4,3650.0,3600.0
2025-06-03,Hambantota,H-1,3350.0,3350.0
2025-06-03,Matara,H-Faq,3200.0,3000.0
2025-06-03,Hambantota,C-5,3800.0,3800.0
2025-06-03,Monaragala,Gorosu,1800.0,1750.0
2025-06-03,Hambantota,C-4,3700.0,3675.0
2025-06-03,Monaragala,C-4,3500.0,3500.0
2025-06-03,Monaragala,H-1,3300.0,3150.0
2025-06-03,Monaragala,H-2,3100.0,2900.0
2025-06-03,Kalutara,H-1,2500.0,2495.0
2025-06-03,Kalutara,M-4,3000.0,2975.0
2025-06-03,Matara,C-5 Sp,4200.0,4083.0
2025-06-03,Galle,C-5,4000.0,3900.0
2025-06-03,Badulla,Heen,2500.0,2500.0
2025-06-03,Badulla,Gorosu,2050.0,2050.0
2025-06-03,Kurunegala,Heen,4000.0,4000.0
2025-06-03,Ratnapura,C-5 Sp,3900.0,3850.0
2025-06-03,Ratnapura,C-5,3750.0,3700.0
2025-06-03,Ratnapura,C-4,3650.0,3600.0
2025-06-03,Ratnapura,Alba,4500.0,4500.0
2025-06-03,Badulla,C-4,3600.0,3600.0
2025-06-03,Badulla,H-1,3400.0,3400.0
2025-06-03,Badulla,C-5,3700.0,3700.0
2025-06-03,Ratnapura,H-1,3500.0,3400.0
2025-06-03,Ratnapura,H-2,3350.0,3300.0
2025-06-03,Colombo,C-5,4000.0,4000.0
2025-06-03,Gampaha,C-4,3650.0,3600.0
2025-06-03,Badulla,H-2,3200.0,3200.0
2025-06-03,Kalutara,C-4,3500.0,3490.0
2025-06-03,Colombo,C-5 Sp,4100.0,4100.0
2025-06-03,Kalutara,C-5,3700.0,3695.0
2025-06-03,Kalutara,C-5 Sp,4100.0,4070.0
2025-06-03,Kalutara,Alba,4500.0,4490.0
2025-06-03,Gampaha,Gorosu,2100.0,1900.0
2025-06-03,Kalutara,M-5,3100.0,3065.0
2025-06-03,Kurunegala,Gorosu,2800.0,2600.0
2025-06-03,Colombo,H-2,3000.0,3000.0
2025-06-03,Colombo,H-1,3200.0,3200.0
2025-06-03,Colombo,C-4,3700.0,3700.0
2025-06-03,Gampaha,C-5,3750.0,3700.0
2025-06-11,Galle,C-5 Sp,4200.0,4175.0
2025-06-11,Matara,C-5,3900.0,3783.0
2025-06-11,Monaragala,C-4,3500.0,3500.0
2025-06-11,Matara,Alba,4500.0,4350.0
2025-06-11,Galle,H-2,3300.0,3275.0
2025-06-11,Kalutara,H-2,2300.0,2300.0
2025-06-11,Matara,M-5,3650.0,3550.0
2025-06-11,Galle,H-1,3450.0,3400.0
2025-06-11,Matara,M-4,3550.0,3450.0
2025-06-11,Matara,C-4,3800.0,3657.0
2025-06-11,Galle,Alba,4700.0,4600.0
2025-06-11,Monaragala,H-1,3300.0,3250.0
2025-06-11,Kalutara,M-4,3000.0,2975.0
2025-06-11,Monaragala,Gorosu,1800.0,1700.0
2025-06-11,Matara,H-Faq,3000.0,2880.0
2025-06-11,Hambantota,C-5,3800.0,3800.0
2025-06-11,Hambantota,C-4,3650.0,3625.0
2025-06-11,Kalutara,H-1,2500.0,2495.0
2025-06-11,Hambantota,H-2,3000.0,3000.0
2025-06-11,Matara,H-2,3350.0,3206.0
2025-06-11,Matara,H-1,3400.0,3288.0
2025-06-11,Galle,C-4,3700.0,3700.0
2025-06-11,Monaragala,H-2,3100.0,3050.0
2025-06-11,Monaragala,Heen,2100.0,2000.0
2025-06-11,Galle,C-5,3950.0,3875.0
2025-06-11,Hambantota,H-1,3100.0,3075.0
2025-06-11,Matara,C-5 Sp,4100.0,3950.0
2025-06-11,Badulla,Gorosu,2500.0,2183.0
2025-06-11,Ratnapura,C-5,3700.0,3650.0
2025-06-11,Badulla,C-5,3700.0,3700.0
2025-06-11,Kurunegala,Heen,4000.0,4000.0
2025-06-11,Ratnapura,C-5 Sp,3800.0,3750.0
2025-06-11,Ratnapura,C-4,3600.0,3500.0
2025-06-11,Badulla,Heen,3000.0,2883.0
2025-06-11,Badulla,C-4,3650.0,3650.0
2025-06-11,Badulla,H-1,3300.0,3300.0
2025-06-11,Badulla,H-2,3200.0,3200.0
2025-06-11,Ratnapura,Alba,4400.0,4300.0
2025-06-11,Ratnapura,H-1,3300.0,3250.0
2025-06-11,Gampaha,C-4,3650.0,3600.0
2025-06-11,Kalutara,C-4,3500.0,3490.0
2025-06-11,Kalutara,C-5 Sp,4100.0,4070.0
2025-06-11,Ratnapura,H-2,3100.0,3000.0
2025-06-11,Kalutara,M-5,3100.0,3065.0
2025-06-11,Kalutara,C-5,3700.0,3695.0
2025-06-11,Gampaha,C-5,3750.0,3700.0
2025-06-11,Colombo,C-5 Sp,4000.0,4000.0
2025-06-11,Gampaha,Gorosu,2100.0,1900.0
2025-06-11,Colombo,H-1,3200.0,3200.0
2025-06-11,Colombo,C-4,3800.0,3800.0
2025-06-11,Colombo,C-5,3900.0,3900.0
2025-06-11,Kalutara,Alba,4500.0,4490.0
2025-06-11,Kurunegala,Gorosu,2800.0,2800.0
2025-06-11,Colombo,H-2,3000.0,3000.0
2025-06-17,Matara,H-Faq,3000.0,2825.0
2025-06-17,Galle,Alba,4600.0,4550.0
2025-06-17,Matara,C-4,3750.0,3667.0
2025-06-17,Matara,Alba,4500.0,4475.0
2025-06-17,Galle,C-4,3750.0,3750.0
2025-06-17,Matara,M-5,3700.0,3588.0
2025-06-17,Galle,C-5,4000.0,3950.0
2025-06-17,Galle,H-2,3200.0,3200.0
2025-06-17,Matara,M-4,3450.0,3450.0
2025-06-17,Monaragala,H-2,3100.0,3050.0
2025-06-17,Kalutara,H-2,2500.0,2500.0
2025-06-17,Hambantota,H-1,3300.0,3250.0
2025-06-17,Hambantota,C-4,3650.0,3625.0
2025-06-17,Matara,H-1,3250.0,3210.0
2025-06-17,Matara,C-5,3900.0,3833.0
2025-06-17,Hambantota,C-5,3800.0,3800.0
2025-06-17,Monaragala,H-1,3200.0,3100.0
2025-06-17,Galle,C-5 Sp,4200.0,4100.0
2025-06-17,Matara,H-2,3150.0,3113.0
2025-06-17,Hambantota,H-2,3150.0,3150.0
2025-06-17,Monaragala,C-4,3500.0,3500.0
2025-06-17,Galle,H-1,3400.0,3375.0
2025-06-17,Monaragala,Heen,2100.0,2000.0
2025-06-17,Monaragala,Gorosu,1900.0,1800.0
2025-06-17,Kalutara,H-1,2700.0,2670.0
2025-06-17,Kalutara,M-4,3000.0,2975.0
2025-06-17,Matara,C-5 Sp,4200.0,4000.0
2025-06-17,Kalutara,C-4,3500.0,3490.0
2025-06-17,Ratnapura,H-2,3200.0,3100.0
2025-06-17,Colombo,C-5 Sp,4000.0,4000.0
2025-06-17,Badulla,H-1,3300.0,3300.0
2025-06-17,Ratnapura,Alba,4300.0,4300.0
2025-06-17,Ratnapura,C-4,3500.0,3450.0
2025-06-17,Ratnapura,C-5,3700.0,3650.0
2025-06-17,Badulla,C-5,3700.0,3700.0
2025-06-17,Badulla,H-2,3200.0,3200.0
2025-06-17,Badulla,Heen,2800.0,2666.0
2025-06-17,Kurunegala,Heen,3500.0,3500.0
2025-06-17,Ratnapura,H-1,3300.0,3250.0
2025-06-17,Kalutara,C-5 Sp,4100.0,4070.0
2025-06-17,Colombo,C-4,3600.0,3600.0
2025-06-17,Gampaha,C-4,3650.0,3600.0
2025-06-17,Ratnapura,C-5 Sp,3850.0,3800.0
2025-06-17,Kurunegala,Gorosu,2800.0,2800.0
2025-06-17,Kalutara,Alba,4500.0,4490.0
2025-06-17,Colombo,H-1,3000.0,3000.0
2025-06-17,Gampaha,Gorosu,2100.0,1900.0
2025-06-17,Kalutara,M-5,3100.0,3065.0
2025-06-17,Kalutara,C-5,3700.0,3695.0
2025-06-17,Colombo,H-2,2800.0,2800.0
2025-06-17,Badulla,C-4,3600.0,3600.0
2025-06-17,Badulla,Gorosu,2300.0,2150.0
2025-06-17,Gampaha,C-5,3750.0,3700.0
2025-06-17,Colombo,C-5,3800.0,3800.0
2025-06-24,Kalutara,H-1,2800.0,2765.0
2025-06-24,Galle,H-2,3300.0,3250.0
2025-06-24,Kalutara,M-4,3000.0,2900.0
2025-06-24,Matara,M-5,3700.0,3567.0
2025-06-24,Matara,C-5 Sp,4200.0,3983.0
2025-06-24,Galle,C-5 Sp,4150.0,4125.0
2025-06-24,Matara,Alba,4500.0,4500.0
2025-06-24,Galle,H-1,3400.0,3375.0
2025-06-24,Galle,C-5,4000.0,3950.0
2025-06-24,Hambantota,H-1,3300.0,3275.0
2025-06-24,Monaragala,Gorosu,1900.0,1800.0
2025-06-24,Matara,C-5,3900.0,3767.0
2025-06-24,Hambantota,C-5,3800.0,3775.0
2025-06-24,Hambantota,C-4,3650.0,3625.0
2025-06-24,Matara,M-4,3600.0,3500.0
2025-06-24,Matara,H-2,3300.0,3194.0
2025-06-24,Matara,H-Faq,2900.0,2800.0
2025-06-24,Monaragala,H-1,3300.0,3200.0
2025-06-24,Hambantota,H-2,3200.0,3200.0
2025-06-24,Monaragala,H-2,3100.0,3050.0
2025-06-24,Matara,C-4,3750.0,3650.0
2025-06-24,Monaragala,C-4,3600.0,3600.0
2025-06-24,Monaragala,Heen,2100.0,2000.0
2025-06-24,Galle,Alba,4700.0,4600.0
2025-06-24,Matara,H-1,3400.0,3210.0
2025-06-24,Galle,C-4,3800.0,3775.0
2025-06-24,Kalutara,H-2,2600.0,2600.0
2025-06-24,Gampaha,Gorosu,2100.0,1900.0
2025-06-24,Kalutara,C-4,3500.0,3490.0
2025-06-24,Ratnapura,Alba,4300.0,4300.0
2025-06-24,Ratnapura,C-5 Sp,3850.0,3800.0
2025-06-24,Ratnapura,H-2,3200.0,3100.0
2025-06-24,Badulla,Gorosu,2100.0,2025.0
2025-06-24,Badulla,C-4,3600.0,3600.0
2025-06-24,Badulla,H-1,3100.0,3100.0
2025-06-24,Colombo,H-2,2900.0,2900.0
2025-06-24,Ratnapura,C-4,3500.0,3450.0
2025-06-24,Ratnapura,C-5,3700.0,3650.0
2025-06-24,Badulla,H-2,3000.0,3000.0
2025-06-24,Gampaha,C-4,3650.0,3600.0
2025-06-24,Kalutara,C-5,3700.0,3695.0
2025-06-24,Badulla,Heen,2400.0,2325.0
2025-06-24,Colombo,C-5 Sp,4000.0,4000.0
2025-06-24,Kurunegala,Gorosu,2000.0,2000.0
2025-06-24,Kalutara,M-5,3100.0,3065.0
2025-06-24,Gampaha,C-5,3750.0,3700.0
2025-06-24,Badulla,C-5,3700.0,3700.0
2025-06-24,Kalutara,C-5 Sp,4100.0,4070.0
2025-06-24,Ratnapura,H-1,3300.0,3250.0
2025-06-24,Kurunegala,Heen,3000.0,3000.0
2025-06-24,Kalutara,Alba,4500.0,4490.0
2025-06-24,Colombo,H-1,3100.0,3100.0
2025-06-24,Colombo,C-4,3650.0,3650.0
2025-06-24,Colombo,C-5,3750.0,3750.0
2025-07-01,Matara,C-5 Sp,4200.0,4033.0
2025-07-01,Matara,Alba,4700.0,4550.0
2025-07-01,Matara,C-5,4000.0,3850.0
2025-07-01,Kalutara,M-4,3000.0,2975.0
2025-07-01,Matara,C-4,3800.0,3721.0
2025-07-01,Matara,M-5,3700.0,3633.0
2025-07-01,Galle,C-4,3800.0,3775.0
2025-07-01,Galle,C-5 Sp,4100.0,4050.0
2025-07-01,Galle,H-2,3350.0,3275.0
2025-07-01,Matara,M-4,3600.0,3533.0
2025-07-01,Galle,Alba,4500.0,4450.0
2025-07-01,Kalutara,H-2,2800.0,2800.0
2025-07-01,Matara,H-2,3300.0,3200.0
2025-07-01,Galle,H-1,3400.0,3375.0
2025-07-01,Hambantota,H-2,3250.0,3225.0
2025-07-01,Kalutara,H-1,2900.0,2880.0
2025-07-01,Matara,H-1,3400.0,3288.0
2025-07-01,Monaragala,Heen,2100.0,2040.0
2025-07-01,Monaragala,C-4,3600.0,3600.0
2025-07-01,Monaragala,H-1,3300.0,3266.0
2025-07-01,Hambantota,H-1,3300.0,3275.0
2025-07-01,Hambantota,C-4,3650.0,3650.0
2025-07-01,Hambantota,C-5,3750.0,3750.0
2025-07-01,Matara,H-Faq,3000.0,2825.0
2025-07-01,Galle,C-5,3900.0,3850.0
2025-07-01,Monaragala,Gorosu,1800.0,1760.0
2025-07-01,Monaragala,H-2,3100.0,3066.0
2025-07-01,Gampaha,C-5,3750.0,3700.0
2025-07-01,Ratnapura,H-1,3400.0,3300.0
2025-07-01,Kurunegala,Gorosu,2000.0,2000.0
2025-07-01,Colombo,C-5 Sp,4000.0,4000.0
2025-07-01,Badulla,Gorosu,2000.0,1875.0
2025-07-01,Ratnapura,C-5,3800.0,3750.0
2025-07-01,Ratnapura,C-4,3700.0,3650.0
2025-07-01,Badulla,C-5,3700.0,3700.0
2025-07-01,Kalutara,M-5,3100.0,3070.0
2025-07-01,Badulla,H-1,3200.0,3200.0
2025-07-01,Badulla,H-2,3000.0,3000.0
2025-07-01,Badulla,Heen,2500.0,2500.0
2025-07-01,Ratnapura,Alba,4500.0,4500.0
2025-07-01,Ratnapura,C-5 Sp,3950.0,3900.0
2025-07-01,Ratnapura,H-2,3100.0,3000.0
2025-07-01,Colombo,C-5,3800.0,3800.0
2025-07-01,Kalutara,C-4,3500.0,3490.0
2025-07-01,Kurunegala,Heen,3000.0,3000.0
2025-07-01,Kalutara,C-5,3700.0,3695.0
2025-07-01,Kalutara,C-5 Sp,4100.0,4070.0
2025-07-01,Gampaha,Gorosu,2100.0,1900.0
2025-07-01,Kalutara,Alba,4500.0,4490.0
2025-07-01,Colombo,H-2,3000.0,3000.0
2025-07-01,Colombo,H-1,3100.0,3100.0
2025-07-01,Colombo,C-4,3700.0,3700.0
2025-07-01,Badulla,C-4,3500.0,3500.0
2025-07-01,Gampaha,C-4,3650.0,3600.0
2025-07-08,Galle,H-2,3200.0,3200.0
2025-07-08,Galle,C-5,3850.0,3850.0
2025-07-08,Matara,M-5,3700.0,3667.0
2025-07-08,Matara,Alba,4600.0,4525.0
2025-07-08,Galle,C-4,3750.0,3725.0
2025-07-08,Galle,H-1,3350.0,3325.0
2025-07-08,Galle,C-5 Sp,4200.0,4175.0
2025-07-08,Galle,Alba,4700.0,4600.0
2025-07-08,Matara,C-4,3800.0,3736.0
2025-07-08,Monaragala,Gorosu,1800.0,1750.0
2025-07-08,Matara,C-5 Sp,4200.0,4100.0
2025-07-08,Monaragala,H-1,3300.0,3200.0
2025-07-08,Matara,H-1,3400.0,3288.0
2025-07-08,Kalutara,H-1,2900.0,2880.0
2025-07-08,Monaragala,Heen,2000.0,1900.0
2025-07-08,Hambantota,C-4,3650.0,3650.0
2025-07-08,Monaragala,H-2,3100.0,3000.0
2025-07-08,Hambantota,H-2,3250.0,3250.0
2025-07-08,Hambantota,H-1,3300.0,3275.0
2025-07-08,Matara,M-4,3600.0,3567.0
2025-07-08,Hambantota,C-5,3750.0,3750.0
2025-07-08,Matara,H-Faq,3000.0,2913.0
2025-07-08,Matara,H-2,3300.0,3213.0
2025-07-08,Matara,C-5,4000.0,3863.0
2025-07-08,Kalutara,M-4,3000.0,2975.0
2025-07-08,Monaragala,C-4,3600.0,3600.0
2025-07-08,Kalutara,H-2,2800.0,2800.0
2025-07-08,Badulla,H-2,3200.0,3200.0
2025-07-08,Kalutara,C-5,3700.0,3695.0
2025-07-08,Ratnapura,C-4,3750.0,3700.0
2025-07-08,Badulla,C-5,3750.0,3750.0
2025-07-08,Badulla,Gorosu,2000.0,1925.0
2025-07-08,Ratnapura,C-5,3820.0,3800.0
2025-07-08,Ratnapura,H-1,3300.0,3250.0
2025-07-08,Ratnapura,C-5 Sp,3900.0,3850.0
2025-07-08,Badulla,C-4,3600.0,3600.0
2025-07-08,Badulla,H-1,3300.0,3300.0
2025-07-08,Kalutara,M-5,3100.0,3070.0
2025-07-08,Ratnapura,H-2,3100.0,3000.0
2025-07-08,Gampaha,C-5,3750.0,3700.0
2025-07-08,Kalutara,C-5 Sp,4100.0,4070.0
2025-07-08,Kalutara,C-4,3500.0,3490.0
2025-07-08,Ratnapura,Alba,4500.0,4500.0
2025-07-08,Colombo,C-5 Sp,4000.0,4000.0
2025-07-08,Gampaha,C-4,3650.0,3600.0
2025-07-08,Colombo,C-4,3600.0,3600.0
2025-07-08,Colombo,H-1,3100.0,3100.0
2025-07-08,Colombo,C-5,3700.0,3700.0
2025-07-08,Colombo,H-2,3000.0,3000.0
2025-07-08,Gampaha,Gorosu,2100.0,1900.0
2025-07-08,Kurunegala,Heen,3000.0,3000.0
2025-07-08,Kalutara,Alba,4500.0,4490.0
2025-07-08,Badulla,Heen,2500.0,2450.0
2025-07-08,Kurunegala,Gorosu,2500.0,2500.0
2025-07-15,Matara,C-4,3800.0,3736.0
2025-07-15,Kalutara,H-1,2900.0,2880.0
2025-07-15,Galle,C-4,3800.0,3700.0
2025-07-15,Matara,C-5 Sp,4200.0,4067.0
2025-07-15,Kalutara,H-2,2800.0,2800.0
2025-07-15,Galle,H-1,3300.0,3300.0
2025-07-15,Kalutara,C-4,3500.0,3490.0
2025-07-15,Galle,C-5,3750.0,3750.0
2025-07-15,Galle,Alba,4600.0,4550.0
2025-07-15,Monaragala,H-1,3300.0,3250.0
2025-07-15,Galle,H-2,3100.0,3100.0
2025-07-15,Matara,Alba,4600.0,4525.0
2025-07-15,Hambantota,C-5,3750.0,3750.0
2025-07-15,Matara,M-4,3600.0,3550.0
2025-07-15,Matara,M-5,3750.0,3683.0
2025-07-15,Matara,H-1,3300.0,3263.0
2025-07-15,Matara,H-2,3250.0,3200.0
2025-07-15,Galle,C-5 Sp,4000.0,4000.0
2025-07-15,Kalutara,M-4,3000.0,2975.0
2025-07-15,Monaragala,C-4,3600.0,3600.0
2025-07-15,Monaragala,H-2,3200.0,3100.0
2025-07-15,Monaragala,Heen,2200.0,2000.0
2025-07-15,Hambantota,H-1,3300.0,3275.0
2025-07-15,Matara,C-5,4000.0,3863.0
2025-07-15,Hambantota,C-4,3650.0,3625.0
2025-07-15,Hambantota,H-2,3250.0,3250.0
2025-07-15,Colombo,H-2,2900.0,2900.0
2025-07-15,Badulla,C-5,3500.0,3500.0
2025-07-15,Ratnapura,H-1,3350.0,3300.0
2025-07-15,Badulla,Heen,2800.0,2650.0
2025-07-15,Ratnapura,Alba,4500.0,4500.0
2025-07-15,Ratnapura,C-5 Sp,3900.0,3850.0
2025-07-15,Badulla,H-2,3000.0,3000.0
2025-07-15,Kalutara,M-5,3100.0,3070.0
2025-07-15,Ratnapura,H-2,3100.0,3000.0
2025-07-15,Badulla,H-1,3200.0,3200.0
2025-07-15,Badulla,Gorosu,2500.0,2250.0
2025-07-15,Ratnapura,C-4,3650.0,3600.0
2025-07-15,Ratnapura,C-5,3800.0,3750.0
2025-07-15,Colombo,H-1,3000.0,3000.0
2025-07-15,Badulla,C-4,3400.0,3400.0
2025-07-15,Colombo,C-5 Sp,3900.0,3900.0
2025-07-15,Gampaha,C-4,3650.0,3600.0
2025-07-15,Monaragala,Gorosu,1900.0,1800.0
2025-07-15,Kalutara,C-5 Sp,4100.0,4070.0
2025-07-15,Kurunegala,Heen,3000.0,3000.0
2025-07-15,Kalutara,Alba,4500.0,4490.0
2025-07-15,Kurunegala,Gorosu,2000.0,2000.0
2025-07-15,Gampaha,C-5,3750.0,3700.0
2025-07-15,Kalutara,C-5,3700.0,3695.0
2025-07-15,Colombo,C-4,3600.0,3600.0
2025-07-15,Colombo,C-5,3750.0,3750.0
2025-07-15,Gampaha,Gorosu,2100.0,1900.0
2025-07-22,Galle,H-1,3350.0,3300.0
2025-07-22,Galle,C-4,3700.0,3700.0
2025-07-22,Matara,C-5,4000.0,3813.0
2025-07-22,Matara,Alba,4600.0,4550.0
2025-07-22,Galle,H-2,3200.0,3175.0
2025-07-22,Galle,C-5 Sp,4100.0,4050.0
2025-07-22,Monaragala,Gorosu,1900.0,1850.0
2025-07-22,Kalutara,H-2,2800.0,2800.0
2025-07-22,Matara,C-5 Sp,4200.0,3967.0
2025-07-22,Matara,M-5,3750.0,3550.0
2025-07-22,Galle,C-5,3900.0,3900.0
2025-07-22,Galle,Alba,4700.0,4600.0
2025-07-22,Matara,M-4,3600.0,3467.0
2025-07-22,Kalutara,H-1,2900.0,2880.0
2025-07-22,Matara,H-1,3400.0,3275.0
2025-07-22,Matara,H-2,3250.0,3206.0
2025-07-22,Matara,H-Faq,2800.0,2725.0
2025-07-22,Hambantota,C-5,3750.0,3750.0
2025-07-22,Hambantota,C-4,3650.0,3625.0
2025-07-22,Monaragala,Heen,2100.0,2000.0
2025-07-22,Hambantota,H-2,3250.0,3250.0
2025-07-22,Monaragala,C-4,3500.0,3500.0
2025-07-22,Monaragala,H-1,3200.0,3150.0
2025-07-22,Monaragala,H-2,3100.0,3000.0
2025-07-22,Kalutara,M-4,3000.0,2975.0
2025-07-22,Hambantota,H-1,3500.0,3300.0
2025-07-22,Matara,C-4,3800.0,3721.0
2025-07-22,Badulla,Heen,3000.0,2950.0
2025-07-22,Colombo,C-5 Sp,4000.0,4000.0
2025-07-22,Kalutara,C-4,3500.0,3490.0
2025-07-22,Ratnapura,Alba,4500.0,4500.0
2025-07-22,Colombo,H-2,2900.0,2900.0
2025-07-22,Ratnapura,C-5,3800.0,3780.0
2025-07-22,Ratnapura,C-4,3700.0,3670.0
2025-07-22,Badulla,C-5,3700.0,3700.0
2025-07-22,Badulla,C-4,3600.0,3600.0
2025-07-22,Badulla,H-2,3200.0,3200.0
2025-07-22,Ratnapura,H-1,3250.0,3200.0
2025-07-22,Ratnapura,H-2,3050.0,3000.0
2025-07-22,Badulla,Gorosu,2500.0,2475.0
2025-07-22,Gampaha,C-5,3750.0,3700.0
2025-07-22,Badulla,H-1,3300.0,3300.0
2025-07-22,Kalutara,M-5,3100.0,3070.0
2025-07-22,Kurunegala,Gorosu,2000.0,2000.0
2025-07-22,Kurunegala,Heen,3000.0,3000.0
2025-07-22,Kalutara,Alba,4500.0,4490.0
2025-07-22,Gampaha,Gorosu,2100.0,1900.0
2025-07-22,Gampaha,C-4,3650.0,3600.0
2025-07-22,Ratnapura,C-5 Sp,3950.0,3900.0
2025-07-22,Kalutara,C-5,3700.0,3695.0
2025-07-22,Colombo,H-1,3000.0,3000.0
2025-07-22,Colombo,C-4,3650.0,3650.0
2025-07-22,Colombo,C-5,3850.0,3850.0
2025-07-22,Kalutara,C-5 Sp,4100.0,4070.0
2025-07-29,Hambantota,H-1,3250.0,3250.0
2025-07-29,Matara,C-5,4000.0,3825.0
2025-07-29,Matara,C-5 Sp,4200.0,4017.0
2025-07-29,Matara,Alba,4600.0,4525.0
2025-07-29,Galle,H-2,3250.0,3225.0
2025-07-29,Kalutara,H-2,2800.0,2800.0
2025-07-29,Matara,M-5,3700.0,3650.0
2025-07-29,Galle,C-4,3800.0,3775.0
2025-07-29,Matara,M-4,3600.0,3550.0
2025-07-29,Galle,C-5,4000.0,3950.0
2025-07-29,Galle,Alba,4700.0,4600.0
2025-07-29,Matara,C-4,3800.0,3736.0
2025-07-29,Matara,H-1,3400.0,3288.0
2025-07-29,Matara,H-2,3300.0,3219.0
2025-07-29,Monaragala,C-4,3600.0,3600.0
2025-07-29,Hambantota,C-5,3800.0,3775.0
2025-07-29,Monaragala,H-1,3200.0,3100.0
2025-07-29,Kalutara,H-1,2900.0,2890.0
2025-07-29,Hambantota,H-2,3200.0,3200.0
2025-07-29,Matara,H-Faq,2800.0,2725.0
2025-07-29,Galle,H-1,3350.0,3325.0
2025-07-29,Monaragala,H-2,3000.0,2900.0
2025-07-29,Monaragala,Heen,2100.0,2000.0
2025-07-29,Monaragala,Gorosu,1900.0,1800.0
2025-07-29,Hambantota,C-4,3700.0,3675.0
2025-07-29,Kalutara,M-4,3000.0,2975.0
2025-07-29,Galle,C-5 Sp,4100.0,4100.0
2025-07-29,Kalutara,C-4,3500.0,3490.0
2025-07-29,Badulla,C-5,3700.0,3700.0
2025-07-29,Ratnapura,H-2,3050.0,3000.0
2025-07-29,Kurunegala,Heen,3000.0,3000.0
2025-07-29,Ratnapura,C-5 Sp,3950.0,3900.0
2025-07-29,Ratnapura,C-5,3800.0,3780.0
2025-07-29,Ratnapura,C-4,3700.0,3650.0
2025-07-29,Badulla,C-4,3500.0,3500.0
2025-07-29,Badulla,H-1,3300.0,3300.0
2025-07-29,Badulla,H-2,3200.0,3200.0
2025-07-29,Badulla,Heen,3000.0,2600.0
2025-07-29,Ratnapura,Alba,4500.0,4500.0
2025-07-29,Ratnapura,H-1,3250.0,3200.0
2025-07-29,Gampaha,C-4,3650.0,3600.0
2025-07-29,Kalutara,M-5,3100.0,3070.0
2025-07-29,Kalutara,C-5 Sp,4100.0,4070.0
2025-07-29,Kalutara,Alba,4500.0,4490.0
2025-07-29,Gampaha,Gorosu,2100.0,1900.0
2025-07-29,Colombo,H-2,2900.0,2900.0
2025-07-29,Kalutara,C-5,3700.0,3695.0
2025-07-29,Colombo,C-5 Sp,4000.0,4000.0
2025-07-29,Badulla,Gorosu,2500.0,2225.0
2025-07-29,Colombo,C-4,3700.0,3700.0
2025-07-29,Colombo,C-5,3900.0,3900.0
2025-07-29,Gampaha,C-5,3750.0,3700.0
2025-07-29,Kurunegala,Gorosu,2500.0,2167.0
2025-07-29,Colombo,H-1,3000.0,3000.0
2025-08-05,Hambantota,C-4,3700.0,3700.0
2025-08-05,Galle,C-4,4100.0,3900.0
2025-08-05,Matara,M-5,3600.0,3583.0
2025-08-05,Matara,C-5,4000.0,3862.0
2025-08-05,Matara,C-5 Sp,4300.0,4167.0
2025-08-05,Galle,C-5 Sp,4700.0,4350.0
2025-08-05,Galle,Alba,6000.0,5250.0
2025-08-05,Matara,C-4,3800.0,3731.0
2025-08-05,Galle,H-1,3300.0,3275.0
2025-08-05,Monaragala,H-2,3100.0,3050.0
2025-08-05,Matara,Alba,4600.0,4525.0
2025-08-05,Kalutara,M-4,3200.0,3190.0
2025-08-05,Hambantota,H-1,3300.0,3275.0
2025-08-05,Matara,H-2,3300.0,3200.0
2025-08-05,Monaragala,C-4,3500.0,3500.0
2025-08-05,Matara,H-Faq,3000.0,2930.0
2025-08-05,Hambantota,C-5,3850.0,3825.0
2025-08-05,Galle,C-5,4200.0,4000.0
2025-08-05,Matara,M-4,3500.0,3500.0
2025-08-05,Hambantota,H-2,3200.0,3200.0
2025-08-05,Kalutara,H-1,3100.0,3085.0
2025-08-05,Monaragala,H-1,3300.0,3250.0
2025-08-05,Monaragala,Heen,2200.0,2140.0
2025-08-05,Monaragala,Gorosu,2000.0,1960.0
2025-08-05,Matara,H-1,3500.0,3320.0
2025-08-05,Kalutara,H-2,3000.0,3000.0
2025-08-05,Galle,H-2,3100.0,3050.0
2025-08-05,Ratnapura,C-4,3680.0,3650.0
2025-08-05,Badulla,C-4,3500.0,3500.0
2025-08-05,Ratnapura,H-2,3100.0,3050.0
2025-08-05,Badulla,Gorosu,2500.0,2225.0
2025-08-05,Ratnapura,C-5 Sp,3950.0,3900.0
2025-08-05,Ratnapura,C-5,3800.0,3770.0
2025-08-05,Badulla,H-1,3200.0,3200.0
2025-08-05,Badulla,H-2,3100.0,3100.0
2025-08-05,Badulla,Heen,3000.0,2750.0
2025-08-05,Badulla,C-5,3700.0,3700.0
2025-08-05,Gampaha,Gorosu,2100.0,1900.0
2025-08-05,Ratnapura,H-1,3250.0,3200.0
2025-08-05,Kalutara,M-5,3300.0,3285.0
2025-08-05,Colombo,H-1,3000.0,3000.0
2025-08-05,Kurunegala,Heen,3000.0,3000.0
2025-08-05,Gampaha,C-5,3750.0,3700.0
2025-08-05,Colombo,C-5 Sp,4100.0,4100.0
2025-08-05,Colombo,H-2,2900.0,2900.0
2025-08-05,Kalutara,C-5 Sp,4100.0,4070.0
2025-08-05,Kalutara,Alba,4500.0,4490.0
2025-08-05,Gampaha,C-4,3650.0,3600.0
2025-08-05,Kurunegala,Gorosu,2500.0,2167.0
2025-08-05,Kalutara,C-5,3700.0,3695.0
2025-08-05,Kalutara,C-4,3500.0,3490.0
2025-08-05,Ratnapura,Alba,4500.0,4500.0
2025-08-05,Colombo,C-4,3700.0,3700.0
2025-08-05,Colombo,C-5,4000.0,4000.0
2025-08-12,Matara,H-Faq,3000.0,2890.0
2025-08-12,Matara,Alba,4600.0,4525.0
2025-08-12,Galle,H-2,3200.0,3150.0
2025-08-12,Galle,H-1,3350.0,3325.0
2025-08-12,Galle,C-5 Sp,4500.0,4225.0
2025-08-12,Kalutara,M-4,3200.0,3190.0
2025-08-12,Galle,Alba,5000.0,4750.0
2025-08-12,Kalutara,H-2,3000.0,3000.0
2025-08-12,Matara,C-5,4000.0,3837.0
2025-08-12,Hambantota,C-4,3700.0,3700.0
2025-08-12,Galle,C-4,3750.0,3725.0
2025-08-12,Matara,C-5 Sp,4200.0,4067.0
2025-08-12,Monaragala,Heen,2200.0,2166.0
2025-08-12,Matara,M-4,3600.0,3517.0
2025-08-12,Kalutara,H-1,3100.0,3095.0
2025-08-12,Matara,C-4,3800.0,3736.0
2025-08-12,Matara,M-5,3700.0,3617.0
2025-08-12,Monaragala,C-4,3600.0,3550.0
2025-08-12,Monaragala,Gorosu,2000.0,1875.0
2025-08-12,Hambantota,H-2,3200.0,3200.0
2025-08-12,Hambantota,H-1,3300.0,3275.0
2025-08-12,Hambantota,C-5,3850.0,3825.0
2025-08-12,Matara,H-2,3250.0,3169.0
2025-08-12,Kalutara,M-5,3300.0,3285.0
2025-08-12,Matara,H-1,3500.0,3320.0
2025-08-12,Galle,C-5,4000.0,3900.0
2025-08-12,Badulla,Heen,2800.0,2800.0
2025-08-12,Colombo,C-5 Sp,4100.0,4100.0
2025-08-12,Kalutara,C-5,3700.0,3695.0
2025-08-12,Badulla,H-2,3100.0,3100.0
2025-08-12,Badulla,H-1,3300.0,3300.0
2025-08-12,Badulla,C-4,3500.0,3500.0
2025-08-12,Ratnapura,H-2,3000.0,2900.0
2025-08-12,Ratnapura,H-1,3200.0,3175.0
2025-08-12,Ratnapura,C-4,3700.0,3650.0
2025-08-12,Ratnapura,C-5,3800.0,3750.0
2025-08-12,Colombo,H-1,3100.0,3100.0
2025-08-12,Badulla,C-5,3700.0,3700.0
2025-08-12,Kalutara,Alba,4500.0,4490.0
2025-08-12,Badulla,Gorosu,2500.0,2300.0
2025-08-12,Colombo,C-5,3900.0,3900.0
2025-08-12,Gampaha,C-4,3650.0,3600.0
2025-08-12,Kurunegala,Gorosu,2500.0,2167.0
2025-08-12,Kalutara,C-4,3500.0,3490.0
2025-08-12,Ratnapura,Alba,4500.0,4500.0
2025-08-12,Kalutara,C-5 Sp,4100.0,4070.0
2025-08-12,Ratnapura,C-5 Sp,4000.0,3900.0
2025-08-12,Kurunegala,Heen,3000.0,3000.0
2025-08-12,Gampaha,Gorosu,2100.0,1900.0
2025-08-12,Gampaha,C-5,3750.0,3700.0
2025-08-12,Colombo,H-2,3000.0,3000.0
2025-08-12,Colombo,C-4,3700.0,3700.0
2025-08-26,Galle,C-5,4000.0,3950.0
2025-08-26,Kalutara,H-2,3000.0,3000.0
2025-08-26,Galle,Alba,5000.0,4725.0
2025-08-26,Matara,C-5 Sp,4200.0,4100.0
2025-08-26,Kalutara,M-5,3300.0,3295.0
2025-08-26,Galle,H-1,3350.0,3325.0
2025-08-26,Galle,H-2,3200.0,3200.0
2025-08-26,Matara,Alba,4600.0,4525.0
2025-08-26,Matara,C-4,3800.0,3756.0
2025-08-26,Matara,C-5,4100.0,3912.0
2025-08-26,Galle,C-5 Sp,4538.0,4075.0
2025-08-26,Kalutara,M-4,3200.0,3190.0
2025-08-26,Hambantota,C-5,3900.0,3875.0
2025-08-26,Monaragala,Gorosu,2000.0,1900.0
2025-08-26,Monaragala,Heen,2200.0,2100.0
2025-08-26,Monaragala,C-4,3500.0,3500.0
2025-08-26,Hambantota,C-4,3750.0,3750.0
2025-08-26,Matara,H-Faq,3100.0,2970.0
2025-08-26,Matara,H-2,3300.0,3225.0
2025-08-26,Matara,H-1,3600.0,3370.0
2025-08-26,Hambantota,H-1,3300.0,3300.0
2025-08-26,Hambantota,H-2,3250.0,3225.0
2025-08-26,Galle,C-4,3800.0,3750.0
2025-08-26,Kalutara,H-1,3100.0,3095.0
2025-08-26,Matara,M-4,3700.0,3600.0
2025-08-26,Matara,M-5,3750.0,3683.0
2025-08-26,Ratnapura,Alba,4500.0,4500.0
2025-08-26,Ratnapura,H-2,3050.0,3000.0
2025-08-26,Badulla,H-2,3100.0,3100.0
2025-08-26,Badulla,H-1,3300.0,3300.0
2025-08-26,Badulla,C-4,3500.0,3500.0
2025-08-26,Ratnapura,H-1,3250.0,3200.0
2025-08-26,Kalutara,C-4,3500.0,3490.0
2025-08-26,Ratnapura,C-5,3800.0,3750.0
2025-08-26,Ratnapura,C-5 Sp,4000.0,3950.0
2025-08-26,Badulla,Gorosu,2500.0,2500.0
2025-08-26,Badulla,Heen,3000.0,3000.0
2025-08-26,Badulla,C-5,3700.0,3700.0
2025-08-26,Colombo,C-5,3900.0,3900.0
2025-08-26,Gampaha,Gorosu,2100.0,1900.0
2025-08-26,Gampaha,C-5,3750.0,3700.0
2025-08-26,Colombo,H-2,3000.0,3000.0
2025-08-26,Colombo,C-5 Sp,4100.0,4100.0
2025-08-26,Colombo,C-4,3700.0,3700.0
2025-08-26,Kalutara,C-5,3700.0,3695.0
2025-08-26,Kalutara,C-5 Sp,4100.0,4070.0
2025-08-26,Gampaha,C-4,3650.0,3600.0
2025-08-26,Colombo,H-1,3200.0,3200.0
2025-08-26,Kalutara,Alba,4500.0,4490.0
2025-08-26,Kurunegala,Gorosu,2500.0,2167.0
2025-08-26,Ratnapura,C-4,3700.0,3680.0
2025-08-26,Kurunegala,Heen,3000.0,3000.0
2025-09-02,Galle,C-5,4000.0,3900.0
2025-09-02,Matara,C-5 Sp,4200.0,4100.0
2025-09-02,Matara,Alba,4600.0,4525.0
2025-09-02,Galle,H-2,3200.0,3175.0
2025-09-02,Galle,C-4,3750.0,3725.0
2025-09-02,Kalutara,M-5,3300.0,3285.0
2025-09-02,Galle,Alba,5000.0,4750.0
2025-09-02,Kalutara,H-2,3000.0,3000.0
2025-09-02,Kalutara,H-1,3100.0,3095.0
2025-09-02,Matara,C-5,4000.0,3850.0
2025-09-02,Galle,C-5 Sp,4500.0,4225.0
2025-09-02,Matara,C-4,3800.0,3756.0
2025-09-02,Hambantota,H-1,3300.0,3300.0
2025-09-02,Matara,H-2,3300.0,3265.0
2025-09-02,Matara,H-Faq,3000.0,2960.0
2025-09-02,Hambantota,C-5,4000.0,4000.0
2025-09-02,Hambantota,C-4,3750.0,3745.0
2025-09-02,Hambantota,H-2,3250.0,3240.0
2025-09-02,Monaragala,C-4,3500.0,3500.0
2025-09-02,Monaragala,Heen,2300.0,2100.0
2025-09-02,Kalutara,M-4,3200.0,3190.0
2025-09-02,Matara,M-5,3700.0,3650.0
2025-09-02,Monaragala,Gorosu,2000.0,1900.0
2025-09-02,Matara,M-4,3600.0,3525.0
2025-09-02,Matara,H-1,3500.0,3360.0
2025-09-02,Galle,H-1,3300.0,3300.0
2025-09-02,Ratnapura,H-1,3250.0,3200.0
2025-09-02,Colombo,C-5 Sp,4100.0,4100.0
2025-09-02,Badulla,C-5,3700.0,3700.0
2025-09-02,Ratnapura,C-5 Sp,3950.0,3900.0
2025-09-02,Ratnapura,C-5,3800.0,3760.0
2025-09-02,Ratnapura,C-4,3700.0,3650.0
2025-09-02,Badulla,Heen,3000.0,3000.0
2025-09-02,Kalutara,C-4,3500.0,3490.0
2025-09-02,Badulla,H-1,3300.0,3300.0
2025-09-02,Badulla,H-2,3200.0,3200.0
2025-09-02,Ratnapura,Alba,4500.0,4500.0
2025-09-02,Ratnapura,H-2,3050.0,3000.0
2025-09-02,Badulla,Gorosu,2500.0,2300.0
2025-09-02,Badulla,C-4,3500.0,3500.0
2025-09-02,Colombo,C-5,3900.0,3900.0
2025-09-02,Gampaha,C-5,3750.0,3700.0
2025-09-02,Kurunegala,Heen,3000.0,3000.0
2025-09-02,Kalutara,C-5,3700.0,3695.0
2025-09-02,Kalutara,C-5 Sp,4100.0,4070.0
2025-09-02,Kalutara,Alba,4500.0,4490.0
2025-09-02,Kurunegala,Gorosu,2500.0,2167.0
2025-09-02,Gampaha,C-4,3650.0,3600.0
2025-09-02,Colombo,H-2,3000.0,3000.0
2025-09-02,Colombo,H-1,3100.0,3100.0
2025-09-02,Colombo,C-4,3700.0,3700.0
2025-09-02,Gampaha,Gorosu,2100.0,1900.0
2025-09-09,Monaragala,Heen,2200.0,2100.0
2025-09-09,Galle,Alba,5000.0,4550.0
2025-09-09,Galle,C-5 Sp,4200.0,4088.0
2025-09-09,Matara,M-4,3600.0,3500.0
2025-09-09,Galle,H-1,3350.0,3325.0
2025-09-09,Galle,H-2,3200.0,3175.0
2025-09-09,Galle,C-5,3900.0,3875.0
2025-09-09,Matara,C-5,3900.0,3830.0
2025-09-09,Galle,C-4,3800.0,3775.0
2025-09-09,Matara,C-4,3800.0,3750.0
2025-09-09,Kalutara,H-2,3000.0,3000.0
2025-09-09,Matara,C-5 Sp,4200.0,4167.0
2025-09-09,Matara,H-1,3400.0,3330.0
2025-09-09,Kalutara,H-1,3100.0,3095.0
2025-09-09,Monaragala,Gorosu,2000.0,1900.0
2025-09-09,Kalutara,M-4,3200.0,3190.0
2025-09-09,Hambantota,H-2,3250.0,3245.0
2025-09-09,Hambantota,H-1,3300.0,3300.0
2025-09-09,Hambantota,C-4,3750.0,3745.0
2025-09-09,Matara,H-Faq,3000.0,2960.0
2025-09-09,Monaragala,C-4,3500.0,3500.0
2025-09-09,Matara,Alba,4600.0,4525.0
2025-09-09,Matara,H-2,3300.0,3256.0
2025-09-09,Hambantota,C-5,4000.0,4000.0
2025-09-09,Matara,M-5,3700.0,3600.0
2025-09-09,Kalutara,M-5,3300.0,3285.0
2025-09-09,Colombo,C-4,3700.0,3700.0
2025-09-09,Badulla,Gorosu,2500.0,2416.0
2025-09-09,Badulla,C-5,3700.0,3700.0
2025-09-09,Kurunegala,Heen,3000.0,3000.0
2025-09-09,Ratnapura,H-1,3250.0,3200.0
2025-09-09,Badulla,Heen,3000.0,2883.0
2025-09-09,Ratnapura,C-5,3800.0,3775.0
2025-09-09,Badulla,H-1,3400.0,3400.0
2025-09-09,Badulla,H-2,3200.0,3200.0
2025-09-09,Gampaha,C-4,3750.0,3700.0
2025-09-09,Ratnapura,H-2,3050.0,3000.0
2025-09-09,Kurunegala,Gorosu,2500.0,2000.0
2025-09-09,Gampaha,C-5,3900.0,3850.0
2025-09-09,Badulla,C-4,3500.0,3500.0
2025-09-09,Kalutara,C-5 Sp,4100.0,4070.0
2025-09-09,Colombo,C-5 Sp,4000.0,4000.0
2025-09-09,Ratnapura,C-5 Sp,3920.0,3900.0
2025-09-09,Colombo,C-5,3850.0,3850.0
2025-09-09,Kalutara,C-4,3500.0,3490.0
2025-09-09,Colombo,H-1,3000.0,3000.0
2025-09-09,Colombo,H-2,2900.0,2900.0
2025-09-09,Kalutara,C-5,3700.0,3695.0
2025-09-09,Gampaha,Gorosu,2200.0,2100.0
2025-09-09,Ratnapura,Alba,4500.0,4500.0
2025-09-09,Ratnapura,C-4,3700.0,3670.0
2025-09-09,Kalutara,Alba,4500.0,4490.0
2025-09-16,Galle,C-4,3800.0,3750.0
2025-09-16,Matara,C-5 Sp,4200.0,4067.0
2025-09-16,Monaragala,Heen,2200.0,2100.0
2025-09-16,Matara,Alba,4500.0,4500.0
2025-09-16,Kalutara,H-2,3000.0,3000.0
2025-09-16,Galle,H-1,3300.0,3275.0
2025-09-16,Galle,C-5,4000.0,3950.0
2025-09-16,Galle,Alba,5000.0,4800.0
2025-09-16,Galle,C-5 Sp,4500.0,4350.0
2025-09-16,Galle,H-2,3200.0,3200.0
2025-09-16,Kalutara,M-5,3300.0,3285.0
2025-09-16,Matara,H-Faq,3050.0,3010.0
2025-09-16,Matara,M-5,3750.0,3633.0
2025-09-16,Matara,M-4,3650.0,3567.0
2025-09-16,Matara,H-1,3500.0,3360.0
2025-09-16,Matara,H-2,3300.0,3259.0
2025-09-16,Hambantota,C-5,4000.0,4000.0
2025-09-16,Hambantota,C-4,3750.0,3745.0
2025-09-16,Hambantota,H-1,3300.0,3300.0
2025-09-16,Hambantota,H-2,3250.0,3245.0
2025-09-16,Monaragala,C-4,3500.0,3500.0
2025-09-16,Matara,C-5,3900.0,3820.0
2025-09-16,Kalutara,H-1,3100.0,3095.0
2025-09-16,Monaragala,Gorosu,2000.0,1900.0
2025-09-16,Kalutara,M-4,3200.0,3190.0
2025-09-16,Matara,C-4,3800.0,3750.0
2025-09-16,Badulla,H-2,3200.0,3200.0
2025-09-16,Ratnapura,H-1,3200.0,3150.0
2025-09-16,Kalutara,C-5 Sp,4100.0,4070.0
2025-09-16,Ratnapura,Alba,4500.0,4500.0
2025-09-16,Ratnapura,C-5 Sp,4000.0,3920.0
2025-09-16,Badulla,H-1,3300.0,3300.0
2025-09-16,Ratnapura,H-2,3050.0,3000.0
2025-09-16,Badulla,C-5,3600.0,3600.0
2025-09-16,Ratnapura,C-4,3750.0,3700.0
2025-09-16,Ratnapura,C-5,2900.0,2875.0
2025-09-16,Kalutara,C-5,3800.0,3765.0
2025-09-16,Colombo,C-5,3900.0,3900.0
2025-09-16,Kurunegala,Heen,3000.0,3000.0
2025-09-16,Badulla,C-4,3500.0,3500.0
2025-09-16,Colombo,C-5 Sp,4000.0,4000.0
2025-09-16,Kurunegala,Gorosu,2500.0,2000.0
2025-09-16,Badulla,Gorosu,2000.0,1833.0
2025-09-16,Badulla,Heen,3000.0,2650.0
2025-09-16,Gampaha,Gorosu,2200.0,2100.0
2025-09-16,Gampaha,C-4,3750.0,3700.0
2025-09-16,Kalutara,C-4,3700.0,3665.0
2025-09-16,Colombo,H-2,2900.0,2900.0
2025-09-16,Colombo,H-1,3000.0,3000.0
2025-09-16,Colombo,C-4,3750.0,3750.0
2025-09-16,Kalutara,Alba,4500.0,4490.0
2025-09-16,Gampaha,C-5,3900.0,3850.0
2025-09-23,Galle,C-5 Sp,4500.0,4250.0
2025-09-23,Matara,C-5,3900.0,3850.0
2025-09-23,Galle,H-1,3350.0,3000.0
2025-09-23,Galle,C-4,3800.0,3725.0
2025-09-23,Kalutara,H-1,3100.0,3095.0
2025-09-23,Galle,Alba,5000.0,4750.0
2025-09-23,Kalutara,H-2,3000.0,3000.0
2025-09-23,Matara,C-5 Sp,4200.0,4100.0
2025-09-23,Galle,C-5,4000.0,3925.0
2025-09-23,Matara,H-Faq,3100.0,2970.0
2025-09-23,Galle,H-2,3250.0,3225.0
2025-09-23,Hambantota,C-4,3800.0,3775.0
2025-09-23,Matara,M-4,3600.0,3550.0
2025-09-23,Matara,H-1,3400.0,3350.0
2025-09-23,Matara,H-2,3300.0,3265.0
2025-09-23,Hambantota,C-5,4000.0,3950.0
2025-09-23,Hambantota,H-1,3250.0,3250.0
2025-09-23,Hambantota,H-2,3300.0,3300.0
2025-09-23,Monaragala,C-4,3500.0,3500.0
2025-09-23,Monaragala,Heen,2200.0,2160.0
2025-09-23,Kalutara,M-4,3200.0,3190.0
2025-09-23,Matara,C-4,3800.0,3756.0
2025-09-23,Matara,Alba,4600.0,4525.0
2025-09-23,Monaragala,Gorosu,2000.0,1920.0
2025-09-23,Matara,M-5,3700.0,3650.0
2025-09-23,Kalutara,M-5,3300.0,3285.0
2025-09-23,Kalutara,C-5,3800.0,3765.0
2025-09-23,Kurunegala,Heen,3000.0,3000.0
2025-09-23,Ratnapura,H-2,3100.0,3050.0
2025-09-23,Badulla,Heen,3000.0,2733.0
2025-09-23,Ratnapura,C-5,3850.0,3800.0
2025-09-23,Ratnapura,C-4,3750.0,3700.0
2025-09-23,Badulla,H-1,3400.0,3400.0
2025-09-23,Ratnapura,C-5 Sp,4000.0,3980.0
2025-09-23,Badulla,C-5,3800.0,3800.0
2025-09-23,Badulla,C-4,3500.0,3500.0
2025-09-23,Badulla,Gorosu,2500.0,2233.0
2025-09-23,Ratnapura,H-1,3300.0,3275.0
2025-09-23,Colombo,H-1,3200.0,3200.0
2025-09-23,Badulla,H-2,3200.0,3200.0
2025-09-23,Colombo,C-5 Sp,4300.0,4300.0
2025-09-23,Colombo,C-5,4000.0,4000.0
2025-09-23,Colombo,C-4,3800.0,3800.0
2025-09-23,Colombo,H-2,3000.0,3000.0
2025-09-23,Gampaha,C-4,3750.0,3700.0
2025-09-23,Gampaha,Gorosu,2200.0,2100.0
2025-09-23,Kalutara,Alba,4500.0,4490.0
2025-09-23,Kalutara,C-5 Sp,4100.0,4080.0
2025-09-23,Ratnapura,Alba,4500.0,4500.0
2025-09-23,Kalutara,C-4,3700.0,3670.0
2025-09-23,Kurunegala,Gorosu,2500.0,2000.0
2025-09-23,Gampaha,C-5,3900.0,3850.0
2025-09-30,Matara,C-5 Sp,4400.0,4233.0
2025-09-30,Matara,C-4,3850.0,3763.0
2025-09-30,Matara,Alba,4600.0,4550.0
2025-09-30,Galle,H-2,3250.0,3200.0
2025-09-30,Kalutara,H-2,3000.0,3000.0
2025-09-30,Kalutara,M-5,3300.0,3295.0
2025-09-30,Kalutara,M-4,3200.0,3190.0
2025-09-30,Galle,C-5 Sp,4400.0,4275.0
2025-09-30,Galle,C-4,3850.0,3825.0
2025-09-30,Galle,H-1,3350.0,3300.0
2025-09-30,Galle,C-5,4000.0,3950.0
2025-09-30,Hambantota,C-4,3800.0,3800.0
2025-09-30,Matara,H-Faq,3100.0,3000.0
2025-09-30,Matara,C-5,4100.0,3870.0
2025-09-30,Monaragala,C-4,3500.0,3500.0
2025-09-30,Hambantota,H-2,3250.0,3250.0
2025-09-30,Monaragala,Heen,2200.0,2100.0
2025-09-30,Matara,H-2,3300.0,3265.0
2025-09-30,Matara,H-1,3400.0,3340.0
2025-09-30,Matara,M-4,3600.0,3517.0
2025-09-30,Matara,M-5,3700.0,3633.0
2025-09-30,Monaragala,Gorosu,2000.0,1900.0
2025-09-30,Kalutara,H-1,3100.0,3090.0
2025-09-30,Hambantota,C-5,4000.0,3950.0
2025-09-30,Galle,Alba,5000.0,4800.0
2025-09-30,Hambantota,H-1,3300.0,3300.0
2025-09-30,Colombo,H-1,3100.0,3100.0
2025-09-30,Kalutara,C-5,3750.0,3735.0
2025-09-30,Ratnapura,Alba,4500.0,4500.0
2025-09-30,Ratnapura,C-5,3850.0,3800.0
2025-09-30,Kalutara,C-5 Sp,4200.0,4170.0
2025-09-30,Badulla,C-5,3800.0,3800.0
2025-09-30,Ratnapura,H-2,3100.0,3050.0
2025-09-30,Badulla,C-4,3600.0,3600.0
2025-09-30,Badulla,H-1,3300.0,3300.0
2025-09-30,Badulla,H-2,3200.0,3200.0
2025-09-30,Ratnapura,H-1,3300.0,3250.0
2025-09-30,Ratnapura,C-4,3750.0,3730.0
2025-09-30,Colombo,C-4,3750.0,3750.0
2025-09-30,Colombo,H-2,3000.0,3000.0
2025-09-30,Badulla,Heen,3000.0,2766.0
2025-09-30,Colombo,C-5 Sp,4200.0,4200.0
2025-09-30,Colombo,C-5,4000.0,4000.0
2025-09-30,Kalutara,Alba,4550.0,4535.0
2025-09-30,Kurunegala,Gorosu,2500.0,2167.0
2025-09-30,Gampaha,C-4,3600.0,3500.0
2025-09-30,Gampaha,Gorosu,2300.0,2100.0
2025-09-30,Badulla,Gorosu,2500.0,2250.0
2025-09-30,Kurunegala,Heen,3000.0,3000.0
2025-09-30,Kalutara,C-4,3500.0,3490.0
2025-09-30,Ratnapura,C-5 Sp,4050.0,4000.0
2025-09-30,Gampaha,C-5,3750.0,3700.0
2025-10-07,Galle,H-2,3250.0,3225.0
2025-10-07,Galle,H-1,3350.0,3325.0
2025-10-07,Galle,C-5,4000.0,3950.0
2025-10-07,Galle,C-5 Sp,4200.0,4150.0
2025-10-07,Monaragala,Gorosu,2000.0,1900.0
2025-10-07,Kalutara,H-2,3000.0,3000.0
2025-10-07,Kalutara,H-1,3100.0,3090.0
2025-10-07,Matara,C-5,3950.0,3860.0
2025-10-07,Kalutara,M-5,3300.0,3285.0
2025-10-07,Matara,Alba,4600.0,4550.0
2025-10-07,Galle,Alba,5000.0,4750.0
2025-10-07,Kalutara,M-4,3200.0,3190.0
2025-10-07,Hambantota,H-2,3250.0,3250.0
2025-10-07,Matara,M-4,3600.0,3550.0
2025-10-07,Matara,C-5 Sp,4200.0,4133.0
2025-10-07,Monaragala,Heen,2200.0,2100.0
2025-10-07,Monaragala,C-4,3500.0,3500.0
2025-10-07,Hambantota,H-1,3300.0,3300.0
2025-10-07,Matara,C-4,3800.0,3764.0
2025-10-07,Hambantota,C-5,4000.0,3950.0
2025-10-07,Matara,H-Faq,3000.0,2925.0
2025-10-07,Matara,H-2,3300.0,3260.0
2025-10-07,Matara,H-1,3500.0,3360.0
2025-10-07,Matara,M-5,3700.0,3675.0
2025-10-07,Galle,C-4,3800.0,3800.0
2025-10-07,Hambantota,C-4,3800.0,3800.0
2025-10-07,Kurunegala,Gorosu,2500.0,2000.0
2025-10-07,Kalutara,C-5,3750.0,3740.0
2025-10-07,Kurunegala,Heen,3000.0,3000.0
2025-10-07,Badulla,H-2,3200.0,3200.0
2025-10-07,Badulla,H-1,3400.0,3400.0
2025-10-07,Badulla,C-4,3500.0,3500.0
2025-10-07,Badulla,C-5,3700.0,3700.0
2025-10-07,Badulla,Heen,2800.0,2566.0
2025-10-07,Ratnapura,H-1,3300.0,3250.0
2025-10-07,Ratnapura,C-5,3850.0,3800.0
2025-10-07,Ratnapura,C-5 Sp,4100.0,4000.0
2025-10-07,Badulla,Gorosu,2000.0,1833.0
2025-10-07,Ratnapura,H-2,3100.0,3000.0
2025-10-07,Ratnapura,C-4,3750.0,3700.0
2025-10-07,Colombo,H-2,3000.0,3000.0
2025-10-07,Ratnapura,Alba,4500.0,4500.0
2025-10-07,Kalutara,C-5 Sp,4200.0,4185.0
2025-10-07,Kalutara,Alba,4550.0,4540.0
2025-10-07,Gampaha,Gorosu,2200.0,2100.0
2025-10-07,Gampaha,C-4,3750.0,3700.0
2025-10-07,Kalutara,C-4,3500.0,3480.0
2025-10-07,Colombo,H-1,3300.0,3300.0
2025-10-07,Colombo,C-4,3800.0,3800.0
2025-10-07,Colombo,C-5,4000.0,4000.0
2025-10-07,Colombo,C-5 Sp,4200.0,4200.0
2025-10-07,Gampaha,C-5,3900.0,3850.0
2025-10-14,Galle,C-5,4100.0,4025.0
2025-10-14,Galle,C-4,3900.0,3850.0
2025-10-14,Matara,C-5,4100.0,3913.0
2025-10-14,Kalutara,H-2,3000.0,3000.0
2025-10-14,Matara,Alba,4600.0,4550.0
2025-10-14,Kalutara,H-1,3100.0,3090.0
2025-10-14,Galle,H-1,3350.0,3350.0
2025-10-14,Galle,H-2,3250.0,3225.0
2025-10-14,Matara,H-Faq,3050.0,3013.0
2025-10-14,Galle,Alba,5000.0,4800.0
2025-10-14,Hambantota,C-4,3800.0,3800.0
2025-10-14,Matara,C-4,3850.0,3792.0
2025-10-14,Kalutara,M-4,3200.0,3190.0
2025-10-14,Hambantota,C-5,3900.0,3900.0
2025-10-14,Matara,C-5 Sp,4300.0,4200.0
2025-10-14,Hambantota,H-1,3300.0,3300.0
2025-10-14,Hambantota,H-2,3250.0,3225.0
2025-10-14,Monaragala,C-4,3500.0,3500.0
2025-10-14,Monaragala,Heen,2200.0,2100.0
2025-10-14,Monaragala,Gorosu,2000.0,1800.0
2025-10-14,Matara,M-5,3750.0,3717.0
2025-10-14,Matara,M-4,3600.0,3600.0
2025-10-14,Matara,H-1,3400.0,3363.0
2025-10-14,Galle,C-5 Sp,4400.0,4300.0
2025-10-14,Kalutara,M-5,3300.0,3285.0
2025-10-14,Matara,H-2,3300.0,3257.0
2025-10-14,Kalutara,C-5,3800.0,3785.0
2025-10-14,Kalutara,C-4,3600.0,3590.0
2025-10-14,Badulla,H-2,3200.0,3200.0
2025-10-14,Badulla,H-1,3400.0,3400.0
2025-10-14,Badulla,C-4,3650.0,3650.0
2025-10-14,Ratnapura,C-5 Sp,4100.0,4000.0
2025-10-14,Ratnapura,H-1,3250.0,3200.0
2025-10-14,Ratnapura,C-4,3750.0,3700.0
2025-10-14,Ratnapura,C-5,3900.0,3850.0
2025-10-14,Badulla,Gorosu,2500.0,2166.0
2025-10-14,Badulla,C-5,3750.0,3750.0
2025-10-14,Colombo,H-1,3100.0,3100.0
2025-10-14,Badulla,Heen,3000.0,2833.0
2025-10-14,Colombo,C-5 Sp,4100.0,4100.0
2025-10-14,Colombo,C-4,3750.0,3750.0
2025-10-14,Ratnapura,Alba,4500.0,4500.0
2025-10-14,Colombo,H-2,3000.0,3000.0
2025-10-14,Gampaha,C-5,3900.0,3850.0
2025-10-14,Gampaha,C-4,3750.0,3700.0
2025-10-14,Gampaha,Gorosu,2200.0,2100.0
2025-10-14,Kalutara,Alba,4550.0,4545.0
2025-10-14,Kalutara,C-5 Sp,4300.0,4290.0
2025-10-14,Kurunegala,Heen,2500.0,2500.0
2025-10-14,Kurunegala,Gorosu,2000.0,2000.0
2025-10-14,Ratnapura,H-2,3100.0,3000.0
2025-10-14,Colombo,C-5,4000.0,4000.0
2025-10-21,Kalutara,M-4,3200.0,3190.0
2025-10-21,Matara,C-5 Sp,4300.0,4200.0
2025-10-21,Matara,Alba,4600.0,4575.0
2025-10-21,Galle,H-2,3300.0,3250.0
2025-10-21,Kalutara,H-2,3000.0,3000.0
2025-10-21,Kalutara,M-5,3300.0,3285.0
2025-10-21,Galle,C-5 Sp,4400.0,4300.0
2025-10-21,Galle,Alba,5000.0,4875.0
2025-10-21,Galle,C-5,4100.0,4025.0
2025-10-21,Galle,H-1,3350.0,3350.0
2025-10-21,Matara,C-5,4100.0,3967.0
2025-10-21,Hambantota,C-5,3900.0,3900.0
2025-10-21,Matara,M-5,3700.0,3700.0
2025-10-21,Matara,M-4,3600.0,3600.0
2025-10-21,Matara,H-1,3400.0,3363.0
2025-10-21,Kalutara,H-1,3100.0,3090.0
2025-10-21,Hambantota,C-4,3850.0,3825.0
2025-10-21,Hambantota,H-1,3350.0,3325.0
2025-10-21,Hambantota,H-2,3300.0,3275.0
2025-10-21,Monaragala,C-4,3500.0,3500.0
2025-10-21,Monaragala,Heen,2200.0,2000.0
2025-10-21,Monaragala,Gorosu,1800.0,1700.0
2025-10-21,Matara,H-2,3350.0,3288.0
2025-10-21,Matara,H-Faq,3050.0,3010.0
2025-10-21,Matara,C-4,3850.0,3800.0
2025-10-21,Galle,C-4,3800.0,3775.0
2025-10-21,Badulla,Gorosu,2500.0,2166.0
2025-10-21,Badulla,H-2,3000.0,3000.0
2025-10-21,Ratnapura,Alba,4500.0,4500.0
2025-10-21,Ratnapura,C-5 Sp,3950.0,3930.0
2025-10-21,Ratnapura,C-5,3850.0,3800.0
2025-10-21,Badulla,H-1,3200.0,3200.0
2025-10-21,Ratnapura,H-2,3100.0,3000.0
2025-10-21,Badulla,C-5,3700.0,3700.0
2025-10-21,Badulla,C-4,3500.0,3500.0
2025-10-21,Ratnapura,H-1,3300.0,3250.0
2025-10-21,Ratnapura,C-4,3750.0,3700.0
2025-10-21,Kalutara,C-5,3800.0,3785.0
2025-10-21,Colombo,C-5,4000.0,4000.0
2025-10-21,Kalutara,C-5 Sp,4300.0,4290.0
2025-10-21,Kurunegala,Gorosu,2000.0,2000.0
2025-10-21,Colombo,C-5 Sp,4100.0,4100.0
2025-10-21,Kalutara,C-4,3600.0,3595.0
2025-10-21,Colombo,H-1,3150.0,3150.0
2025-10-21,Colombo,H-2,3100.0,3100.0
2025-10-21,Gampaha,C-5,3900.0,3850.0
2025-10-21,Gampaha,C-4,3750.0,3700.0
2025-10-21,Gampaha,Gorosu,2200.0,2100.0
2025-10-21,Kalutara,Alba,4550.0,4545.0
2025-10-21,Badulla,Heen,2800.0,2716.0
2025-10-21,Colombo,C-4,3800.0,3800.0
2025-10-21,Kurunegala,Heen,3000.0,3000.0
2025-10-28,Matara,C-4,3900.0,3814.0
2025-10-28,Matara,Alba,4700.0,4600.0
2025-10-28,Galle,H-2,3300.0,3250.0
2025-10-28,Galle,H-1,3350.0,3350.0
2025-10-28,Hambantota,C-5,4000.0,3950.0
2025-10-28,Kalutara,M-4,3200.0,3190.0
2025-10-28,Galle,C-5 Sp,4500.0,4300.0
2025-10-28,Kalutara,H-2,3000.0,3000.0
2025-10-28,Kalutara,H-1,3100.0,3090.0
2025-10-28,Matara,C-5 Sp,4300.0,4167.0
2025-10-28,Monaragala,Gorosu,1900.0,1800.0
2025-10-28,Galle,C-4,3850.0,3825.0
2025-10-28,Hambantota,H-2,3300.0,3275.0
2025-10-28,Hambantota,H-1,3350.0,3325.0
2025-10-28,Matara,H-Faq,3100.0,3030.0
2025-10-28,Matara,C-5,4100.0,3925.0
2025-10-28,Monaragala,C-4,3500.0,3500.0
2025-10-28,Hambantota,C-4,3900.0,3850.0
2025-10-28,Kalutara,M-5,3300.0,3285.0
2025-10-28,Matara,H-2,3320.0,3245.0
2025-10-28,Matara,H-1,3400.0,3360.0
2025-10-28,Matara,M-4,3700.0,3583.0
2025-10-28,Monaragala,Heen,2200.0,2100.0
2025-10-28,Matara,M-5,3800.0,3733.0
2025-10-28,Galle,Alba,5000.0,4750.0
2025-10-28,Galle,C-5,3900.0,3875.0
2025-10-28,Colombo,H-2,3000.0,3000.0
2025-10-28,Kurunegala,Gorosu,2000.0,2000.0
2025-10-28,Kalutara,C-5,3800.0,3785.0
2025-10-28,Ratnapura,Alba,4500.0,4500.0
2025-10-28,Ratnapura,C-5,3875.0,3850.0
2025-10-28,Kalutara,C-5 Sp,4300.0,4290.0
2025-10-28,Colombo,H-1,3150.0,3150.0
2025-10-28,Ratnapura,H-2,3050.0,3000.0
2025-10-28,Badulla,C-4,3600.0,3600.0
2025-10-28,Badulla,H-1,3200.0,3200.0
2025-10-28,Badulla,C-5,3700.0,3700.0
2025-10-28,Badulla,H-2,3100.0,3100.0
2025-10-28,Ratnapura,H-1,3250.0,3200.0
2025-10-28,Ratnapura,C-5 Sp,2950.0,3900.0
2025-10-28,Colombo,C-4,3900.0,3900.0
2025-10-28,Gampaha,C-5,3900.0,3850.0
2025-10-28,Badulla,Heen,3000.0,2833.0
2025-10-28,Colombo,C-5 Sp,4200.0,4200.0
2025-10-28,Colombo,C-5,4100.0,4100.0
2025-10-28,Kalutara,Alba,4550.0,4545.0
2025-10-28,Kalutara,C-4,3600.0,3590.0
2025-10-28,Gampaha,C-4,3750.0,3700.0
2025-10-28,Gampaha,Gorosu,2200.0,2100.0
2025-10-28,Badulla,Gorosu,2500.0,2333.0
2025-10-28,Kurunegala,Heen,3000.0,3000.0
2025-10-28,Ratnapura,C-4,3750.0,3700.0
2025-11-04,Galle,H-2,3300.0,3300.0
2025-11-04,Matara,M-5,3850.0,3750.0
2025-11-04,Galle,C-5,4000.0,4000.0
2025-11-04,Galle,C-5 Sp,4500.0,4500.0
2025-11-04,Galle,H-1,3400.0,3400.0
2025-11-04,Kalutara,H-2,3000.0,3000.0
2025-11-04,Kalutara,H-1,3100.0,3090.0
2025-11-04,Matara,C-5,4000.0,3962.0
2025-11-04,Kalutara,M-5,3300.0,3285.0
2025-11-04,Matara,Alba,4700.0,4600.0
2025-11-04,Galle,Alba,5000.0,5000.0
2025-11-04,Kalutara,M-4,3200.0,3190.0
2025-11-04,Hambantota,H-2,3300.0,3300.0
2025-11-04,Matara,M-4,3700.0,3650.0
2025-11-04,Matara,C-5 Sp,4250.0,4217.0
2025-11-04,Monaragala,Heen,2300.0,2200.0
2025-11-04,Monaragala,C-4,3600.0,3500.0
2025-11-04,Hambantota,H-1,3400.0,3400.0
2025-11-04,Matara,C-4,4000.0,3886.0
2025-11-04,Hambantota,C-5,4000.0,4000.0
2025-11-04,Matara,H-Faq,3100.0,3075.0
2025-11-04,Matara,H-2,3370.0,3338.0
2025-11-04,Monaragala,Gorosu,2100.0,2000.0
2025-11-04,Hambantota,C-4,3900.0,3900.0
2025-11-04,Galle,C-4,3900.0,3900.0
2025-11-04,Matara,H-1,3700.0,3500.0
2025-11-04,Kalutara,C-4,3800.0,3585.0
2025-11-04,Kurunegala,Gorosu,2000.0,2000.0
2025-11-04,Badulla,C-4,3600.0,3600.0
2025-11-04,Badulla,H-2,3100.0,3100.0
2025-11-04,Badulla,H-1,3200.0,3200.0
2025-11-04,Kurunegala,Heen,3000.0,3000.0
2025-11-04,Badulla,C-5,3750.0,3750.0
2025-11-04,Badulla,Heen,3000.0,2833.0
2025-11-04,Ratnapura,H-1,3250.0,3200.0
2025-11-04,Ratnapura,C-5,3900.0,3850.0
2025-11-04,Ratnapura,C-5 Sp,4000.0,3950.0
2025-11-04,Badulla,Gorosu,2000.0,1916.0
2025-11-04,Ratnapura,H-2,3100.0,3000.0
2025-11-04,Ratnapura,C-4,3800.0,3750.0
2025-11-04,Colombo,H-2,3000.0,3000.0
2025-11-04,Ratnapura,Alba,4500.0,4500.0
2025-11-04,Kalutara,C-5 Sp,4300.0,4290.0
2025-11-04,Kalutara,Alba,4550.0,4545.0
2025-11-04,Gampaha,Gorosu,2200.0,2100.0
2025-11-04,Gampaha,C-4,3750.0,3700.0
2025-11-04,Kalutara,C-5,4000.0,3900.0
2025-11-04,Colombo,H-1,3100.0,3100.0
2025-11-04,Colombo,C-4,3900.0,3900.0
2025-11-04,Colombo,C-5,4000.0,4000.0
2025-11-04,Colombo,C-5 Sp,4100.0,4100.0
2025-11-04,Gampaha,C-5,3900.0,3850.0
2025-11-11,Galle,C-5,4200.0,4100.0
2025-11-11,Matara,C-5,4000.0,3975.0
2025-11-11,Kalutara,H-2,3000.0,3000.0
2025-11-11,Galle,Alba,5000.0,5000.0
2025-11-11,Matara,C-5 Sp,4200.0,4200.0
2025-11-11,Kalutara,H-1,3100.0,3090.0
2025-11-11,Galle,H-1,3450.0,3400.0
2025-11-11,Hambantota,H-2,3350.0,3325.0
2025-11-11,Matara,Alba,4700.0,4650.0
2025-11-11,Matara,C-4,4000.0,3871.0
2025-11-11,Galle,C-5 Sp,4500.0,4400.0
2025-11-11,Galle,C-4,4100.0,3800.0
2025-11-11,Hambantota,C-5,4000.0,4000.0
2025-11-11,Monaragala,Gorosu,2000.0,1900.0
2025-11-11,Monaragala,Heen,2300.0,2100.0
2025-11-11,Monaragala,C-4,3600.0,3600.0
2025-11-11,Kalutara,M-4,3200.0,3190.0
2025-11-11,Hambantota,C-4,3900.0,3900.0
2025-11-11,Matara,H-Faq,3200.0,3050.0
2025-11-11,Matara,H-2,3370.0,3338.0
2025-11-11,Matara,H-1,3500.0,3425.0
2025-11-11,Hambantota,H-1,3400.0,3400.0
2025-11-11,Matara,M-5,3850.0,3767.0
2025-11-11,Kalutara,M-5,3300.0,3285.0
2025-11-11,Matara,M-4,3800.0,3700.0
2025-11-11,Galle,H-2,3350.0,3350.0
2025-11-11,Kalutara,C-4,3800.0,3780.0
2025-11-11,Ratnapura,H-2,3250.0,3200.0
2025-11-11,Badulla,Heen,3000.0,3000.0
2025-11-11,Badulla,H-2,3200.0,3200.0
2025-11-11,Badulla,H-1,3400.0,3400.0
2025-11-11,Badulla,C-4,3600.0,3600.0
2025-11-11,Ratnapura,Alba,4500.0,4500.0
2025-11-11,Colombo,H-1,3100.0,3100.0
2025-11-11,Ratnapura,C-5,4000.0,3950.0
2025-11-11,Ratnapura,C-5 Sp,4100.0,4050.0
2025-11-11,Badulla,Gorosu,2500.0,2500.0
2025-11-11,Badulla,C-5,3900.0,3900.0
2025-11-11,Kurunegala,Gorosu,2000.0,2000.0
2025-11-11,Ratnapura,H-1,3400.0,3350.0
2025-11-11,Gampaha,C-5,3900.0,3850.0
2025-11-11,Colombo,H-2,3000.0,3000.0
2025-11-11,Colombo,C-5 Sp,4100.0,4100.0
2025-11-11,Colombo,C-5,4000.0,4000.0
2025-11-11,Colombo,C-4,3850.0,3850.0
2025-11-11,Kalutara,C-5,4000.0,3900.0
2025-11-11,Kalutara,C-5 Sp,4300.0,4290.0
2025-11-11,Gampaha,C-4,3750.0,3700.0
2025-11-11,Gampaha,Gorosu,2200.0,2150.0
2025-11-11,Kalutara,Alba,4600.0,4585.0
2025-11-11,Ratnapura,C-4,3900.0,3875.0
2025-11-11,Kurunegala,Heen,3000.0,3000.0
2025-11-18,Galle,H-1,3500.0,3475.0
2025-11-18,Kalutara,M-5,3300.0,3285.0
2025-11-18,Matara,C-5,4050.0,4025.0
2025-11-18,Matara,C-5 Sp,4500.0,4333.0
2025-11-18,Matara,C-4,4000.0,3900.0
2025-11-18,Galle,C-5 Sp,4500.0,4425.0
2025-11-18,Galle,Alba,5000.0,5000.0
2025-11-18,Kalutara,H-2,3000.0,3000.0
2025-11-18,Kalutara,H-1,3100.0,3090.0
2025-11-18,Galle,C-4,4150.0,4075.0
2025-11-18,Matara,Alba,5000.0,4775.0
2025-11-18,Galle,H-2,3400.0,3375.0
2025-11-18,Hambantota,H-1,3400.0,3400.0
2025-11-18,Hambantota,C-5,4000.0,4000.0
2025-11-18,Matara,H-1,3600.0,3462.0
2025-11-18,Matara,H-2,3450.0,3382.0
2025-11-18,Matara,H-Faq,3250.0,3137.0
2025-11-18,Galle,C-5,4250.0,4175.0
2025-11-18,Monaragala,Gorosu,2100.0,2033.0
2025-11-18,Hambantota,H-2,3350.0,3325.0
2025-11-18,Monaragala,C-4,3600.0,3550.0
2025-11-18,Monaragala,Heen,2300.0,2200.0
2025-11-18,Hambantota,C-4,3900.0,3900.0
2025-11-18,Matara,M-4,3700.0,3675.0
2025-11-18,Kalutara,M-4,3200.0,3190.0
2025-11-18,Matara,M-5,3800.0,3783.0
2025-11-18,Kurunegala,Gorosu,2000.0,2000.0
2025-11-18,Kalutara,C-5 Sp,4300.0,4285.0
2025-11-18,Kalutara,C-4,3800.0,3800.0
2025-11-18,Ratnapura,Alba,4700.0,4600.0
2025-11-18,Ratnapura,C-5 Sp,4300.0,4200.0
2025-11-18,Ratnapura,C-5,4100.0,4000.0
2025-11-18,Kalutara,C-5,4000.0,3900.0
2025-11-18,Badulla,C-4,3700.0,3700.0
2025-11-18,Badulla,H-2,3300.0,3300.0
2025-11-18,Badulla,Gorosu,2500.0,2500.0
2025-11-18,Badulla,Heen,3000.0,3000.0
2025-11-18,Ratnapura,H-2,3200.0,3150.0
2025-11-18,Ratnapura,H-1,3400.0,3350.0
2025-11-18,Badulla,H-1,3500.0,3500.0
2025-11-18,Badulla,C-5,3900.0,3900.0
2025-11-18,Colombo,H-1,3100.0,3100.0
2025-11-18,Kurunegala,Heen,3000.0,3000.0
2025-11-18,Kalutara,Alba,4600.0,4590.0
2025-11-18,Gampaha,Gorosu,2100.0,2000.0
2025-11-18,Gampaha,C-4,3750.0,3700.0
2025-11-18,Ratnapura,C-4,3900.0,3820.0
2025-11-18,Colombo,H-2,3000.0,3000.0
2025-11-18,Colombo,C-4,3900.0,3900.0
2025-11-18,Colombo,C-5,4000.0,4000.0
2025-11-18,Colombo,C-5 Sp,4100.0,4100.0
2025-11-18,Gampaha,C-5,3900.0,3850.0
2025-11-25,Galle,C-5 Sp,4800.0,4650.0
2025-11-25,Galle,H-1,3600.0,3550.0
2025-11-25,Matara,C-5 Sp,4700.0,4383.0
2025-11-25,Matara,Alba,4850.0,4787.0
2025-11-25,Galle,C-4,4200.0,4100.0
2025-11-25,Galle,C-5,4500.0,4400.0
2025-11-25,Badulla,Gorosu,2500.0,2500.0
2025-11-25,Galle,Alba,5500.0,5250.0
2025-11-25,Colombo,H-2,3100.0,3100.0
2025-11-25,Kalutara,H-1,3100.0,3090.0
2025-11-25,Galle,H-2,3500.0,3450.0
2025-11-25,Kalutara,C-5,4300.0,4295.0
2025-11-25,Hambantota,H-1,3450.0,3400.0
2025-11-25,Matara,M-4,3750.0,3700.0
2025-11-25,Matara,H-2,3500.0,3393.0
2025-11-25,Matara,H-Faq,3350.0,3187.0
2025-11-25,Monaragala,Heen,2300.0,2200.0
2025-11-25,Hambantota,C-4,4050.0,4025.0
2025-11-25,Kalutara,M-4,3200.0,3190.0
2025-11-25,Hambantota,H-2,3350.0,3325.0
2025-11-25,Monaragala,C-4,3700.0,3650.0
2025-11-25,Monaragala,Gorosu,2100.0,2000.0
2025-11-25,Matara,M-5,3850.0,3817.0
2025-11-25,Matara,C-5,4050.0,4050.0
2025-11-25,Kalutara,H-2,3000.0,3000.0
2025-11-25,Matara,H-1,3650.0,3500.0
2025-11-25,Kalutara,C-4,4000.0,3980.0
2025-11-25,Ratnapura,C-5 Sp,4350.0,4300.0
2025-11-25,Ratnapura,C-4,4000.0,3900.0
2025-11-25,Ratnapura,Alba,4700.0,4600.0
2025-11-25,Hambantota,C-5,4300.0,4250.0
2025-11-25,Ratnapura,C-5,4250.0,4200.0
2025-11-25,Badulla,C-5,3900.0,3900.0
2025-11-25,Ratnapura,H-1,3450.0,3350.0
2025-11-25,Kalutara,M-5,3300.0,3295.0
2025-11-25,Ratnapura,H-2,3300.0,3250.0
2025-11-25,Badulla,H-1,3500.0,3500.0
2025-11-25,Matara,C-4,4200.0,3993.0
2025-11-25,Badulla,Heen,3000.0,3000.0
2025-11-25,Badulla,H-2,3300.0,3300.0
2025-11-25,Badulla,C-4,3800.0,3800.0
2025-11-25,Kurunegala,Gorosu,2000.0,2000.0
2025-11-25,Kurunegala,Heen,3000.0,3000.0
2025-11-25,Kalutara,Alba,4800.0,4785.0
2025-11-25,Gampaha,Gorosu,2100.0,2000.0
2025-11-25,Colombo,C-5,4200.0,4200.0
2025-11-25,Gampaha,C-4,3700.0,3600.0
2025-11-25,Kalutara,C-5 Sp,4500.0,4460.0
2025-11-25,Colombo,H-1,3200.0,3200.0
2025-11-25,Colombo,C-4,4100.0,4100.0
2025-11-25,Colombo,C-5 Sp,4300.0,4300.0
2025-11-25,Gampaha,C-5,3800.0,3750.0
2025-12-02,Kalutara,H-2,3000.0,3000.0
2025-12-02,Galle,C-5 Sp,4800.0,4650.0
2025-12-02,Galle,C-5,4500.0,4450.0
2025-12-02,Galle,C-4,4100.0,4050.0
2025-12-02,Galle,H-1,3600.0,3600.0
2025-12-02,Matara,C-5 Sp,4400.0,4333.0
2025-12-02,Matara,C-4,4300.0,4044.0
2025-12-02,Matara,M-5,4000.0,3763.0
2025-12-02,Galle,Alba,5500.0,5500.0
2025-12-02,Matara,Alba,5100.0,4900.0
2025-12-02,Monaragala,Heen,2300.0,2200.0
2025-12-02,Matara,H-1,3600.0,3486.0
2025-12-02,Hambantota,C-4,4150.0,4125.0
2025-12-02,Monaragala,C-4,3600.0,3600.0
2025-12-02,Hambantota,H-1,3550.0,3550.0
2025-12-02,Matara,M-4,3700.0,3575.0
2025-12-02,Hambantota,C-5,4500.0,4400.0
2025-12-02,Matara,H-Faq,3350.0,3150.0
2025-12-02,Badulla,C-4,3800.0,3800.0
2025-12-02,Monaragala,Gorosu,2100.0,2000.0
2025-12-02,Matara,H-2,3500.0,3356.0
2025-12-02,Galle,H-2,3500.0,3450.0
2025-12-02,Hambantota,H-2,3500.0,3500.0
2025-12-02,Badulla,H-2,3400.0,3400.0
2025-12-02,Badulla,C-5,4000.0,4000.0
2025-12-02,Gampaha,C-4,3750.0,3700.0
2025-12-02,Matara,C-5,4500.0,4190.0
2025-12-02,Ratnapura,Alba,4800.0,4700.0
2025-12-02,Ratnapura,C-5 Sp,4400.0,4350.0
2025-12-02,Ratnapura,C-5,4200.0,4150.0
2025-12-02,Ratnapura,H-1,3500.0,3450.0
2025-12-02,Badulla,H-1,3600.0,3600.0
2025-12-02,Badulla,Heen,3000.0,3000.0
2025-12-02,Ratnapura,H-2,3300.0,3250.0
2025-12-02,Kalutara,H-1,3100.0,3090.0
2025-12-02,Ratnapura,C-4,4100.0,4000.0
2025-12-02,Kalutara,C-4,4000.0,3980.0
2025-12-02,Kurunegala,Gorosu,2000.0,2000.0
2025-12-02,Gampaha,C-5,3900.0,3850.0
2025-12-02,Kalutara,M-5,3300.0,3285.0
2025-12-02,Kurunegala,Heen,3000.0,3000.0
2025-12-02,Kalutara,C-5 Sp,4500.0,4460.0
2025-12-02,Kalutara,C-5,4300.0,4295.0
2025-12-02,Gampaha,Gorosu,2200.0,2100.0
2025-12-02,Kalutara,Alba,4800.0,4785.0
2025-12-02,Badulla,Gorosu,2500.0,2500.0
2025-12-02,Kalutara,M-4,3200.0,3190.0
2025-12-09,Badulla,H-2,3400.0,3400.0
2025-12-09,Badulla,H-1,3600.0,3600.0
2025-12-09,Badulla,C-4,3800.0,3800.0
2025-12-09,Badulla,C-5,4000.0,4000.0
2025-12-09,Ratnapura,H-1,3500.0,3450.0
2025-12-09,Ratnapura,Alba,4800.0,4700.0
2025-12-09,Ratnapura,C-5,4350.0,4300.0
2025-12-09,Ratnapura,C-5 Sp,4450.0,4400.0
2025-12-09,Kalutara,C-4,4000.0,3980.0
2025-12-09,Badulla,Heen,3000.0,2750.0
2025-12-09,Ratnapura,C-4,4200.0,4100.0
2025-12-09,Colombo,H-2,3000.0,3000.0
2025-12-09,Colombo,C-5,4200.0,4200.0
2025-12-09,Kurunegala,Gorosu,2000.0,2000.0
2025-12-09,Badulla,Gorosu,2500.0,2266.0
2025-12-09,Kalutara,Alba,4800.0,4780.0
2025-12-09,Gampaha,Gorosu,2200.0,2100.0
2025-12-09,Gampaha,C-4,3750.0,3700.0
2025-12-09,Gampaha,C-5,3900.0,3850.0
2025-12-09,Kalutara,C-5 Sp,4500.0,4470.0
2025-12-09,Colombo,H-1,3100.0,3100.0
2025-12-09,Colombo,C-4,4000.0,4000.0
2025-12-09,Colombo,C-5 Sp,4300.0,4300.0
2025-12-09,Kalutara,C-5,4300.0,4295.0
2025-12-09,Ratnapura,H-2,3300.0,3250.0
2025-12-09,Kurunegala,Heen,3000.0,3000.0
2025-12-09,Monaragala,C-4,3600.0,3566.0
2025-12-09,Matara,C-4,4300.0,4075.0
2025-12-09,Kalutara,M-5,3300.0,3285.0
2025-12-09,Matara,C-5 Sp,4700.0,4533.0
2025-12-09,Matara,Alba,5400.0,5200.0
2025-12-09,Galle,H-2,3550.0,3525.0
2025-12-09,Galle,H-1,3700.0,3675.0
2025-12-09,Galle,C-4,4300.0,4250.0
2025-12-09,Galle,C-5 Sp,5000.0,4850.0
2025-12-09,Galle,Alba,5500.0,5500.0
2025-12-09,Kalutara,H-1,3100.0,3090.0
2025-12-09,Matara,C-5,4500.0,4280.0
2025-12-09,Galle,C-5,4500.0,4500.0
2025-12-09,Kalutara,H-2,3000.0,3000.0
2025-12-09,Matara,M-5,4000.0,4000.0
2025-12-09,Monaragala,Gorosu,2100.0,2000.0
2025-12-09,Monaragala,Heen,2300.0,2200.0
2025-12-09,Hambantota,H-2,3500.0,3500.0
2025-12-09,Hambantota,H-1,3550.0,3550.0
2025-12-09,Hambantota,C-4,4150.0,4125.0
2025-12-09,Kalutara,M-4,3200.0,3190.0
2025-12-09,Matara,H-Faq,3300.0,3180.0
2025-12-09,Matara,H-2,3500.0,3431.0
2025-12-09,Matara,H-1,3650.0,3570.0
2025-12-09,Matara,M-4,3900.0,3850.0
2025-12-09,Hambantota,C-5,4500.0,4425.0
2025-12-16,Badulla,Gorosu,2600.0,2525.0
2025-12-16,Badulla,Heen,3000.0,2925.0
2025-12-16,Badulla,H-2,3400.0,3400.0
2025-12-16,Badulla,H-1,3600.0,3600.0
2025-12-16,Badulla,C-5,4200.0,4200.0
2025-12-16,Ratnapura,C-4,4200.0,4100.0
2025-12-16,Ratnapura,H-1,3500.0,3450.0
2025-12-16,Ratnapura,C-5,4300.0,4250.0
2025-12-16,Kalutara,C-4,4000.0,3980.0
2025-12-16,Ratnapura,Alba,5000.0,5000.0
2025-12-16,Ratnapura,H-2,3300.0,3250.0
2025-12-16,Badulla,C-4,4000.0,4000.0
2025-12-16,Colombo,H-2,3100.0,3100.0
2025-12-16,Kalutara,C-5 Sp,4500.0,4460.0
2025-12-16,Kurunegala,Heen,3000.0,3000.0
2025-12-16,Gampaha,Gorosu,2200.0,2100.0
2025-12-16,Gampaha,C-4,3900.0,3700.0
2025-12-16,Gampaha,C-5,4100.0,4000.0
2025-12-16,Kalutara,Alba,4800.0,4785.0
2025-12-16,Colombo,H-1,3200.0,3200.0
2025-12-16,Colombo,C-4,4100.0,4100.0
2025-12-16,Colombo,C-5,4300.0,4300.0
2025-12-16,Colombo,C-5 Sp,4400.0,4400.0
2025-12-16,Ratnapura,C-5 Sp,4500.0,4450.0
2025-12-16,Kurunegala,Gorosu,2000.0,2000.0
2025-12-16,Kalutara,C-5,4300.0,4295.0
2025-12-16,Matara,M-5,4400.0,4167.0
2025-12-16,Matara,C-5 Sp,5200.0,4733.0
2025-12-16,Matara,C-5,5000.0,4440.0
2025-12-16,Kalutara,M-5,3300.0,3285.0
2025-12-16,Matara,Alba,5450.0,5363.0
2025-12-16,Galle,H-2,3550.0,3550.0
2025-12-16,Galle,H-1,3650.0,3650.0
2025-12-16,Galle,C-5 Sp,5000.0,4850.0
2025-12-16,Galle,C-5,4500.0,4300.0
2025-12-16,Kalutara,H-2,3000.0,3000.0
2025-12-16,Kalutara,H-1,3100.0,3090.0
2025-12-16,Galle,C-4,4300.0,4150.0
2025-12-16,Matara,C-4,4600.0,4219.0
2025-12-16,Galle,Alba,6000.0,5750.0
2025-12-16,Matara,M-4,4000.0,3900.0
2025-12-16,Kalutara,M-4,3200.0,3190.0
2025-12-16,Monaragala,Gorosu,2000.0,1900.0
2025-12-16,Monaragala,C-4,3600.0,3600.0
2025-12-16,Hambantota,H-2,3500.0,3500.0
2025-12-16,Hambantota,H-1,3550.0,3550.0
2025-12-16,Monaragala,Heen,2300.0,2100.0
2025-12-16,Hambantota,C-5,4500.0,4425.0
2025-12-16,Matara,H-Faq,3300.0,3225.0
2025-12-16,Matara,H-2,3550.0,3463.0
2025-12-16,Matara,H-1,3900.0,3660.0
2025-12-16,Hambantota,C-4,4150.0,4125.0
2025-12-23,Badulla,H-2,3400.0,3400.0
2025-12-23,Ratnapura,Alba,5200.0,5000.0
2025-12-23,Ratnapura,C-5 Sp,4550.0,4500.0
2025-12-23,Ratnapura,C-5,4350.0,4300.0
2025-12-23,Ratnapura,C-4,4250.0,4200.0
2025-12-23,Ratnapura,H-1,3600.0,3500.0
2025-12-23,Badulla,C-5,4200.0,4200.0
2025-12-23,Badulla,C-4,4000.0,4000.0
2025-12-23,Badulla,H-1,3600.0,3600.0
2025-12-23,Ratnapura,H-2,3400.0,3300.0
2025-12-23,Kalutara,H-1,3100.0,3090.0
2025-12-23,Kurunegala,Heen,3000.0,3000.0
2025-12-23,Kurunegala,Gorosu,2000.0,2000.0
2025-12-23,Gampaha,C-5,4300.0,4200.0
2025-12-23,Gampaha,C-4,4100.0,4000.0
2025-12-23,Gampaha,Gorosu,2400.0,2300.0
2025-12-23,Kalutara,Alba,4900.0,4850.0
2025-12-23,Kalutara,C-5 Sp,4600.0,4580.0
2025-12-23,Kalutara,C-5,4300.0,4295.0
2025-12-23,Kalutara,C-4,4000.0,3980.0
2025-12-23,Badulla,Gorosu,2600.0,2600.0
2025-12-23,Kalutara,M-5,3300.0,3280.0
2025-12-23,Kalutara,M-4,3200.0,3190.0
2025-12-23,Galle,Alba,5500.0,5500.0
2025-12-23,Kalutara,H-2,3000.0,3000.0
2025-12-23,Badulla,Heen,3000.0,3000.0
2025-12-23,Matara,C-4,4500.0,4288.0
2025-12-23,Galle,C-5 Sp,5000.0,4850.0
2025-12-23,Galle,C-5,4700.0,4450.0
2025-12-23,Galle,C-4,4300.0,4150.0
2025-12-23,Galle,H-1,3750.0,3700.0
2025-12-23,Matara,Alba,5500.0,5450.0
2025-12-23,Matara,C-5 Sp,5200.0,4933.0
2025-12-23,Matara,C-5,5000.0,4540.0
2025-12-23,Matara,M-5,4150.0,4063.0
2025-12-23,Galle,H-2,3650.0,3600.0
2025-12-23,Matara,H-1,3800.0,3724.0
2025-12-23,Matara,H-2,3650.0,3556.0
2025-12-23,Matara,H-Faq,3300.0,3250.0
2025-12-23,Hambantota,C-5,4500.0,4450.0
2025-12-23,Hambantota,C-4,4150.0,4150.0
2025-12-23,Hambantota,H-1,3550.0,3550.0
2025-12-23,Hambantota,H-2,3500.0,3500.0
2025-12-23,Monaragala,C-4,3800.0,3650.0
2025-12-23,Monaragala,Heen,2300.0,2250.0
2025-12-23,Matara,M-4,4000.0,3925.0
2025-12-23,Monaragala,Gorosu,2100.0,2050.0
2025-12-30,Badulla,C-4,4200.0,4200.0
2025-12-30,Badulla,C-5,4400.0,4400.0
2025-12-30,Ratnapura,H-2,3350.0,3200.0
2025-12-30,Ratnapura,H-1,3500.0,3400.0
2025-12-30,Monaragala,Heen,2400.0,2300.0
2025-12-30,Ratnapura,C-5,4450.0,4350.0
2025-12-30,Ratnapura,C-5 Sp,4550.0,4500.0
2025-12-30,Ratnapura,Alba,5200.0,5000.0
2025-12-30,Badulla,H-1,3600.0,3600.0
2025-12-30,Ratnapura,C-4,4300.0,4200.0
2025-12-30,Badulla,H-2,3400.0,3400.0
2025-12-30,Gampaha,Gorosu,2400.0,2300.0
2025-12-30,Badulla,Gorosu,2600.0,2525.0
2025-12-30,Kurunegala,Heen,3000.0,3000.0
2025-12-30,Kurunegala,Gorosu,2000.0,2000.0
2025-12-30,Colombo,C-5,4500.0,4500.0
2025-12-30,Colombo,C-4,4300.0,4300.0
2025-12-30,Colombo,H-1,3300.0,3300.0
2025-12-30,Colombo,H-2,3100.0,3100.0
2025-12-30,Gampaha,C-5,4400.0,4350.0
2025-12-30,Gampaha,C-4,4100.0,4000.0
2025-12-30,Kalutara,C-5 Sp,4600.0,4580.0
2025-12-30,Kalutara,Alba,4900.0,4870.0
2025-12-30,Badulla,Heen,3000.0,3000.0
2025-12-30,Colombo,C-5 Sp,4600.0,4600.0
2025-12-30,Matara,M-4,4500.0,4250.0
2025-12-30,Matara,C-5,5000.0,4688.0
2025-12-30,Kalutara,C-5,4300.0,4295.0
2025-12-30,Galle,H-2,3700.0,3625.0
2025-12-30,Galle,H-1,3800.0,3775.0
2025-12-30,Galle,C-4,4500.0,4450.0
2025-12-30,Galle,C-5,4700.0,4600.0
2025-12-30,Kalutara,M-4,3200.0,3190.0
2025-12-30,Galle,Alba,5600.0,5400.0
2025-12-30,Kalutara,H-2,3000.0,3000.0
2025-12-30,Kalutara,H-1,3100.0,3090.0
2025-12-30,Matara,Alba,5700.0,5575.0
2025-12-30,Galle,C-5 Sp,4800.0,4750.0
2025-12-30,Matara,C-5 Sp,5200.0,5133.0
2025-12-30,Hambantota,H-2,3650.0,3650.0
2025-12-30,Matara,C-4,4700.0,4406.0
2025-12-30,Matara,M-5,4600.0,4350.0
2025-12-30,Matara,H-1,4000.0,3750.0
2025-12-30,Matara,H-2,3600.0,3563.0
2025-12-30,Matara,H-Faq,3300.0,3213.0
2025-12-30,Hambantota,C-5,5200.0,4900.0
2025-12-30,Hambantota,C-4,4600.0,4550.0
2025-12-30,Hambantota,H-1,3700.0,3700.0
2025-12-30,Kalutara,M-5,3300.0,3280.0
2025-12-30,Monaragala,C-4,4000.0,3900.0
2025-12-30,Kalutara,C-4,4000.0,3980.0
2025-12-30,Monaragala,Gorosu,2200.0,2100.0
